{
"type": "FeatureCollection",
"name": "sample_cases_footprints",
"crs": { "type": "name", "properties": { "name": "urn:ogc:def:crs:OGC:1.3:CRS84" } },
"features": [
{ "type": "Feature", "properties": { "overture_id": "33bdc8ef-b524-46bb-9bca-b59a46af44c1", "osm_id": 7317657, "area_m2": 28.5 }, "geometry": { "type": "Polygon", "coordinates": [ [ [ 33.3604646, 46.7832235 ], [ 33.3604376, 46.7831935 ], [ 33.3603995, 46.7832095 ], [ 33.3604265, 46.7832395 ], [ 33.3604646, 46.7832235 ] ] ] } },
{ "type": "Feature", "properties": { "overture_id": "701a493b-7281-4a0b-a60e-ecf36c6fb099", "osm_id": 7317657, "area_m2": 37.53 }, "geometry": { "type": "Polygon", "coordinates": [ [ [ 33.3681549, 46.7806562 ], [ 33.3681667, 46.7806313 ], [ 33.3680915, 46.7806145 ], [ 33.3680797, 46.7806395 ], [ 33.3681549, 46.7806562 ] ] ] } },
{ "type": "Feature", "properties": { "overture_id": "bece15ca-9a79-45bc-86a1-cfc119db8c32", "osm_id": 7317657, "area_m2": 67.98 }, "geometry": { "type": "Polygon", "coordinates": [ [ [ 33.3680298, 46.7805256 ], [ 33.3680918, 46.7805479 ], [ 33.3681282, 46.7805004 ], [ 33.3680662, 46.7804781 ], [ 33.3680298, 46.7805256 ] ] ] } },
{ "type": "Feature", "properties": { "overture_id": "14429c8c-72c0-4888-b148-5b7c813195b8", "osm_id": 7317657, "area_m2": 204.11 }, "geometry": { "type": "Polygon", "coordinates": [ [ [ 33.3752367, 46.7752021 ], [ 33.3753146, 46.7751433 ], [ 33.3752094, 46.7750779 ], [ 33.3751315, 46.7751367 ], [ 33.3752367, 46.7752021 ] ] ] } },
{ "type": "Feature", "properties": { "overture_id": "3fe9089f-d403-40e2-9934-b577187c2246", "osm_id": 7317657, "area_m2": 42.27 }, "geometry": { "type": "Polygon", "coordinates": [ [ [ 33.3675437, 46.7803192 ], [ 33.3675627, 46.7802857 ], [ 33.3675021, 46.7802696 ], [ 33.3674831, 46.7803031 ], [ 33.3675437, 46.7803192 ] ] ] } },
{ "type": "Feature", "properties": { "overture_id": "7733fe87-b4c9-47bc-b27d-a3362768f883", "osm_id": 7317657, "area_m2": 30.1 }, "geometry": { "type": "Polygon", "coordinates": [ [ [ 33.3681007, 46.7808472 ], [ 33.3681216, 46.7808224 ], [ 33.3680713, 46.7808025 ], [ 33.3680504, 46.7808273 ], [ 33.3681007, 46.7808472 ] ] ] } },
{ "type": "Feature", "properties": { "overture_id": "4871b3e9-720d-4c7d-b34b-3a8a1bc73522", "osm_id": 7317657, "area_m2": 81.93 }, "geometry": { "type": "Polygon", "coordinates": [ [ [ 33.3674305, 46.7808214 ], [ 33.3673731, 46.7807925 ], [ 33.3673181, 46.7808437 ], [ 33.3673754, 46.7808726 ], [ 33.3674305, 46.7808214 ] ] ] } },
{ "type": "Feature", "properties": { "overture_id": "67c527b7-f90d-4283-bf2d-2f32eceb1b76", "osm_id": 7317657, "area_m2": 27.13 }, "geometry": { "type": "Polygon", "coordinates": [ [ [ 33.3646267, 46.7814982 ], [ 33.3646655, 46.7815244 ], [ 33.3646937, 46.7815048 ], [ 33.3646549, 46.7814786 ], [ 33.3646267, 46.7814982 ] ] ] } },
{ "type": "Feature", "properties": { "overture_id": "c306106b-ea2c-432b-8a06-e922be50a5af", "osm_id": 7317657, "area_m2": 37.84 }, "geometry": { "type": "Polygon", "coordinates": [ [ [ 33.3673626, 46.7808652 ], [ 33.3673084, 46.7808472 ], [ 33.3672862, 46.7808784 ], [ 33.3673405, 46.7808964 ], [ 33.3673626, 46.7808652 ] ] ] } },
{ "type": "Feature", "properties": { "overture_id": "17d75842-ca92-4938-a3a2-9fc0a651bce3", "osm_id": 7317657, "area_m2": 466.94 }, "geometry": { "type": "Polygon", "coordinates": [ [ [ 33.3768926, 46.7759879 ], [ 33.3770457, 46.7760793 ], [ 33.37716946070892, 46.775983813678515 ], [ 33.377009977690022, 46.775893409171488 ], [ 33.3768926, 46.7759879 ] ] ] } },
{ "type": "Feature", "properties": { "overture_id": "0359aba2-e275-46a4-a18b-70a6131c46de", "osm_id": 7317657, "area_m2": 41.72 }, "geometry": { "type": "Polygon", "coordinates": [ [ [ 33.3746525, 46.7747488 ], [ 33.3746023, 46.7747274 ], [ 33.3745722, 46.7747605 ], [ 33.3746224, 46.7747819 ], [ 33.3746525, 46.7747488 ] ] ] } },
{ "type": "Feature", "properties": { "overture_id": "3a117f52-85f7-4a74-9b54-78f47f192512", "osm_id": 7317657, "area_m2": 147.49 }, "geometry": { "type": "Polygon", "coordinates": [ [ [ 33.3678991, 46.7808526 ], [ 33.3679591, 46.7808766 ], [ 33.3679486, 46.780889 ], [ 33.3679997, 46.7809093 ], [ 33.3680242, 46.7808805 ], [ 33.3679922, 46.7808678 ], [ 33.3680312, 46.7808219 ], [ 33.367952, 46.7807904 ], [ 33.3678991, 46.7808526 ] ] ] } },
{ "type": "Feature", "properties": { "overture_id": "8cb84455-2379-4123-900a-e5a58bd259e5", "osm_id": 7317657, "area_m2": 68.46 }, "geometry": { "type": "Polygon", "coordinates": [ [ [ 33.3750894, 46.7751039 ], [ 33.3751306, 46.775131 ], [ 33.3751976, 46.7750831 ], [ 33.3751564, 46.7750561 ], [ 33.3750894, 46.7751039 ] ] ] } },
{ "type": "Feature", "properties": { "overture_id": "5c41f885-b90d-4251-9c5a-18021dbf7555", "osm_id": 7317657, "area_m2": 345.53 }, "geometry": { "type": "Polygon", "coordinates": [ [ [ 33.3742744, 46.7744445 ], [ 33.3744567, 46.77455 ], [ 33.3745321, 46.7744888 ], [ 33.3743497, 46.7743834 ], [ 33.3742744, 46.7744445 ] ] ] } },
{ "type": "Feature", "properties": { "overture_id": "ebecd905-09cd-4a90-b4f2-9300976b4b15", "osm_id": 7317657, "area_m2": 77.77 }, "geometry": { "type": "Polygon", "coordinates": [ [ [ 33.3680339, 46.7806834 ], [ 33.3681048, 46.7807094 ], [ 33.3681416, 46.7806622 ], [ 33.3680707, 46.7806363 ], [ 33.3680339, 46.7806834 ] ] ] } },
{ "type": "Feature", "properties": { "overture_id": "aff9819c-042e-484b-bb2e-9b910866201a", "osm_id": 7317657, "area_m2": 29.44 }, "geometry": { "type": "Polygon", "coordinates": [ [ [ 33.3678442, 46.7811583 ], [ 33.3678695, 46.7811179 ], [ 33.3678355, 46.7811079 ], [ 33.3678102, 46.7811483 ], [ 33.3678442, 46.7811583 ] ] ] } },
{ "type": "Feature", "properties": { "overture_id": "519517b7-c212-44bb-944f-700da38d34dd", "osm_id": 7317657, "area_m2": 95.87 }, "geometry": { "type": "Polygon", "coordinates": [ [ [ 33.3682571, 46.7806776 ], [ 33.3683073, 46.7807031 ], [ 33.368381, 46.780635 ], [ 33.3683308, 46.7806095 ], [ 33.3682571, 46.7806776 ] ] ] } },
{ "type": "Feature", "properties": { "overture_id": "0a116f75-3b49-49c5-ba63-5651e33f6863", "osm_id": 7317657, "area_m2": 182.81 }, "geometry": { "type": "Polygon", "coordinates": [ [ [ 33.3543077, 46.7864438 ], [ 33.3543519, 46.786436 ], [ 33.3543627, 46.7864647 ], [ 33.3544784, 46.7864442 ], [ 33.3544531, 46.7863771 ], [ 33.3542932, 46.7864053 ], [ 33.3543077, 46.7864438 ] ] ] } },
{ "type": "Feature", "properties": { "overture_id": "9d7b399d-85ac-4cb6-b8e1-cceaf4b1ec3d", "osm_id": 7317657, "area_m2": 120.52 }, "geometry": { "type": "Polygon", "coordinates": [ [ [ 33.3538877, 46.7861135 ], [ 33.3540047, 46.7861617 ], [ 33.3540414, 46.7861199 ], [ 33.3539244, 46.7860717 ], [ 33.3538877, 46.7861135 ] ] ] } },
{ "type": "Feature", "properties": { "overture_id": "deeb5efb-65a9-49c0-b137-fa408e3725aa", "osm_id": 7317657, "area_m2": 70.97 }, "geometry": { "type": "Polygon", "coordinates": [ [ [ 33.3558315, 46.7856661 ], [ 33.3559404, 46.7856416 ], [ 33.3559248, 46.7856091 ], [ 33.3558159, 46.7856336 ], [ 33.3558315, 46.7856661 ] ] ] } },
{ "type": "Feature", "properties": { "overture_id": "0cdd6306-846c-4e14-8890-4624140c62d7", "osm_id": 7317657, "area_m2": 413.5 }, "geometry": { "type": "Polygon", "coordinates": [ [ [ 33.3537377, 46.7859583 ], [ 33.3539294, 46.7859913 ], [ 33.3539374, 46.7859695 ], [ 33.3539904, 46.7859786 ], [ 33.3540167, 46.7859071 ], [ 33.353785545071091, 46.785867330394332 ], [ 33.353761807380309, 46.785892725114209 ], [ 33.3537377, 46.7859583 ] ] ] } },
{ "type": "Feature", "properties": { "overture_id": "d5d0e934-9d98-4e8f-b7ad-aa0ba0d64bf1", "osm_id": 7317657, "area_m2": 54.4 }, "geometry": { "type": "Polygon", "coordinates": [ [ [ 33.353783, 46.7861389 ], [ 33.3536904, 46.7861064 ], [ 33.353676848759221, 46.786124510834732 ], [ 33.353758132965268, 46.78617221244275 ], [ 33.353783, 46.7861389 ] ] ] } },
{ "type": "Feature", "properties": { "overture_id": "d7fc9842-b7fc-460b-a2b4-cf1f3bc68421", "osm_id": 2271440, "area_m2": 1570.22 }, "geometry": { "type": "Polygon", "coordinates": [ [ [ 30.7549612, 50.1303433 ], [ 30.7550747, 50.130824 ], [ 30.7552399, 50.130808 ], [ 30.7551264, 50.1303273 ], [ 30.7549612, 50.1303433 ] ] ] } },
{ "type": "Feature", "properties": { "overture_id": "614072e7-7b67-4dcf-95cc-3f4c0ae2814c", "osm_id": 2271440, "area_m2": 390.5 }, "geometry": { "type": "Polygon", "coordinates": [ [ [ 30.7513388, 50.1347479 ], [ 30.7512335, 50.1347933 ], [ 30.7512919, 50.134849 ], [ 30.7511958, 50.1348904 ], [ 30.7512678, 50.1349591 ], [ 30.7513695, 50.1349153 ], [ 30.7513086, 50.1348572 ], [ 30.7514084, 50.1348143 ], [ 30.7513388, 50.1347479 ] ] ] } },
{ "type": "Feature", "properties": { "overture_id": "76950987-a2f1-4fb2-b16a-696fbbb01b87", "osm_id": 2271440, "area_m2": 34.58 }, "geometry": { "type": "Polygon", "coordinates": [ [ [ 30.7591756, 50.1306133 ], [ 30.759142, 50.1306074 ], [ 30.7591207, 50.1306569 ], [ 30.7591543, 50.1306628 ], [ 30.7591756, 50.1306133 ] ] ] } },
{ "type": "Feature", "properties": { "overture_id": "d32f8123-d3ef-4d7c-820c-588021b929e1", "osm_id": 2271440, "area_m2": 72.18 }, "geometry": { "type": "Polygon", "coordinates": [ [ [ 30.751556, 50.1352539 ], [ 30.7515518, 50.1352042 ], [ 30.7514769, 50.1352068 ], [ 30.7514811, 50.1352565 ], [ 30.751556, 50.1352539 ] ] ] } },
{ "type": "Feature", "properties": { "overture_id": "19292022-b784-4bf4-bb0c-244b7718c3c3", "osm_id": 2271440, "area_m2": 462.13 }, "geometry": { "type": "Polygon", "coordinates": [ [ [ 30.7520931, 50.1314669 ], [ 30.7520141, 50.1316983 ], [ 30.7521127, 50.1317121 ], [ 30.7521917, 50.1314808 ], [ 30.7520931, 50.1314669 ] ] ] } },
{ "type": "Feature", "properties": { "overture_id": "40427373-e1dc-4a01-b43d-3ddcde97ee08", "osm_id": 2271440, "area_m2": 35.48 }, "geometry": { "type": "Polygon", "coordinates": [ [ [ 30.7524517, 50.1299166 ], [ 30.7525011, 50.1299294 ], [ 30.7525213, 50.1298975 ], [ 30.7524718, 50.1298847 ], [ 30.7524517, 50.1299166 ] ] ] } },
{ "type": "Feature", "properties": { "overture_id": "6b56c0a9-7e35-41df-bfe6-da75a3da4ce3", "osm_id": 2271440, "area_m2": 1124.68 }, "geometry": { "type": "Polygon", "coordinates": [ [ [ 30.754682, 50.1314037 ], [ 30.7546422, 50.1313983 ], [ 30.7546081, 50.131502 ], [ 30.7550831, 50.1315663 ], [ 30.7551221, 50.1314478 ], [ 30.7546869, 50.1313889 ], [ 30.754682, 50.1314037 ] ] ] } },
{ "type": "Feature", "properties": { "overture_id": "44d1eed5-995f-407c-867a-e468c52ec636", "osm_id": 2271440, "area_m2": 27.23 }, "geometry": { "type": "Polygon", "coordinates": [ [ [ 30.7517761, 50.1340989 ], [ 30.7517869, 50.134077 ], [ 30.7517284, 50.1340652 ], [ 30.7517176, 50.1340871 ], [ 30.7517761, 50.1340989 ] ] ] } },
{ "type": "Feature", "properties": { "overture_id": "33cd0b01-d16d-4aa9-b83a-a303488dbe62", "osm_id": 2271440, "area_m2": 1195.62 }, "geometry": { "type": "Polygon", "coordinates": [ [ [ 30.7529069, 50.1335071 ], [ 30.7524934, 50.1334555 ], [ 30.7524496, 50.1335996 ], [ 30.7528631, 50.1336512 ], [ 30.7529069, 50.1335071 ] ] ] } },
{ "type": "Feature", "properties": { "overture_id": "bbbd016f-ca40-4de1-8f97-65c194954b09", "osm_id": 2271440, "area_m2": 147.97 }, "geometry": { "type": "Polygon", "coordinates": [ [ [ 30.7515983, 50.1344625 ], [ 30.7516379, 50.1343946 ], [ 30.751539, 50.1343709 ], [ 30.7514994, 50.1344388 ], [ 30.7515983, 50.1344625 ] ] ] } },
{ "type": "Feature", "properties": { "overture_id": "2c7ac875-4ea6-421b-967b-1af7bb4fa7dd", "osm_id": 2271440, "area_m2": 41.04 }, "geometry": { "type": "Polygon", "coordinates": [ [ [ 30.748855, 50.1359685 ], [ 30.7488125, 50.1359659 ], [ 30.7488052, 50.1360154 ], [ 30.7488478, 50.1360179 ], [ 30.748855, 50.1359685 ] ] ] } },
{ "type": "Feature", "properties": { "overture_id": "49bf767e-75bd-4455-ad2d-45eff4014452", "osm_id": 2271440, "area_m2": 689.1 }, "geometry": { "type": "Polygon", "coordinates": [ [ [ 30.7487516, 50.1335349 ], [ 30.7487894, 50.1335393 ], [ 30.7487929, 50.133527 ], [ 30.7492197, 50.1335768 ], [ 30.7492406, 50.1335036 ], [ 30.7487759, 50.1334493 ], [ 30.7487516, 50.1335349 ] ] ] } },
{ "type": "Feature", "properties": { "overture_id": "c4637f3c-a07a-45a2-b1b8-041151ee422f", "osm_id": 2271440, "area_m2": 47.01 }, "geometry": { "type": "Polygon", "coordinates": [ [ [ 30.7552452, 50.1307623 ], [ 30.7552429, 50.1308009 ], [ 30.7553058, 50.1308025 ], [ 30.7553081, 50.1307639 ], [ 30.7552452, 50.1307623 ] ] ] } },
{ "type": "Feature", "properties": { "overture_id": "c4feb9d2-05a1-473d-a8c4-53e75a1b6d0f", "osm_id": 2271440, "area_m2": 49.97 }, "geometry": { "type": "Polygon", "coordinates": [ [ [ 30.7544329, 50.1350346 ], [ 30.7543536, 50.1350282 ], [ 30.7543473, 50.1350603 ], [ 30.7544265, 50.1350667 ], [ 30.7544329, 50.1350346 ] ] ] } },
{ "type": "Feature", "properties": { "overture_id": "f0a0cf1e-3374-46eb-8be1-fa8002dc0b7c", "osm_id": 2271440, "area_m2": 77.03 }, "geometry": { "type": "Polygon", "coordinates": [ [ [ 30.7507857, 50.1333197 ], [ 30.7507886, 50.1332475 ], [ 30.7507335, 50.1332466 ], [ 30.7507305, 50.1333188 ], [ 30.7507857, 50.1333197 ] ] ] } },
{ "type": "Feature", "properties": { "overture_id": "e430e2d5-3734-4c36-a71c-6117a6f4111f", "osm_id": 2271440, "area_m2": 267.27 }, "geometry": { "type": "Polygon", "coordinates": [ [ [ 30.7534495, 50.131338 ], [ 30.7535166, 50.1313435 ], [ 30.7535568, 50.1311406 ], [ 30.7534898, 50.1311351 ], [ 30.7534495, 50.131338 ] ] ] } },
{ "type": "Feature", "properties": { "overture_id": "b32da167-8f4c-4744-9940-e6d8c9185f38", "osm_id": 2271440, "area_m2": 3099.62 }, "geometry": { "type": "Polygon", "coordinates": [ [ [ 30.7435022, 50.1317704 ], [ 30.7435997, 50.1315085 ], [ 30.7434069, 50.131479 ], [ 30.7434132, 50.131462 ], [ 30.7430504, 50.1314064 ], [ 30.7429465, 50.1316853 ], [ 30.7435022, 50.1317704 ] ] ] } },
{ "type": "Feature", "properties": { "overture_id": "0f74e773-03a5-4198-96ab-b2bdd6eb5d9e", "osm_id": 2271440, "area_m2": 319.63 }, "geometry": { "type": "Polygon", "coordinates": [ [ [ 30.7435619, 50.1345247 ], [ 30.74398, 50.1345858 ], [ 30.7439933, 50.1345482 ], [ 30.7435752, 50.1344871 ], [ 30.7435619, 50.1345247 ] ] ] } },
{ "type": "Feature", "properties": { "overture_id": "0248628a-0595-458a-9078-760e4e5a7ec0", "osm_id": 2271440, "area_m2": 83.32 }, "geometry": { "type": "Polygon", "coordinates": [ [ [ 30.7518275, 50.1338258 ], [ 30.7517658, 50.1338177 ], [ 30.7517442, 50.1338846 ], [ 30.751806, 50.1338928 ], [ 30.7518275, 50.1338258 ] ] ] } },
{ "type": "Feature", "properties": { "overture_id": "ac65c9ed-9954-43f2-9cdc-a0ce4d0e66f6", "osm_id": 2271440, "area_m2": 993.02 }, "geometry": { "type": "Polygon", "coordinates": [ [ [ 30.7482719, 50.132889 ], [ 30.7482465, 50.1328852 ], [ 30.7482363, 50.1329129 ], [ 30.748338, 50.1329282 ], [ 30.7483302, 50.1329494 ], [ 30.748583, 50.1329874 ], [ 30.7486104, 50.1329124 ], [ 30.7485596, 50.1329048 ], [ 30.7485924, 50.1328152 ], [ 30.7483142, 50.1327733 ], [ 30.7482719, 50.132889 ] ] ] } },
{ "type": "Feature", "properties": { "overture_id": "f2bb597a-812e-44b8-940f-a488e1dd519a", "osm_id": 2271440, "area_m2": 132.75 }, "geometry": { "type": "Polygon", "coordinates": [ [ [ 30.7428561, 50.1330919 ], [ 30.7430063, 50.1331364 ], [ 30.7430335, 50.1330988 ], [ 30.7428833, 50.1330542 ], [ 30.7428561, 50.1330919 ] ] ] } },
{ "type": "Feature", "properties": { "overture_id": "e0f905c7-1da2-4014-8d77-6c9a7966aa55", "osm_id": 2271440, "area_m2": 953.68 }, "geometry": { "type": "Polygon", "coordinates": [ [ [ 30.7552925, 50.1311156 ], [ 30.7550648, 50.131078 ], [ 30.7549833, 50.1312812 ], [ 30.755211, 50.1313188 ], [ 30.7552925, 50.1311156 ] ] ] } },
{ "type": "Feature", "properties": { "overture_id": "335308fa-1540-4a61-8a1a-42c72afe8c8a", "osm_id": 2271440, "area_m2": 410.72 }, "geometry": { "type": "Polygon", "coordinates": [ [ [ 30.754107, 50.1316699 ], [ 30.7541431, 50.1315614 ], [ 30.7539558, 50.1315358 ], [ 30.7539197, 50.1316443 ], [ 30.754107, 50.1316699 ] ] ] } },
{ "type": "Feature", "properties": { "overture_id": "adfbb680-b62d-4fac-add1-b6cb0a574964", "osm_id": 2271440, "area_m2": 79.27 }, "geometry": { "type": "Polygon", "coordinates": [ [ [ 30.748644, 50.1339748 ], [ 30.7486615, 50.1339324 ], [ 30.7485713, 50.133917 ], [ 30.7485537, 50.1339595 ], [ 30.748644, 50.1339748 ] ] ] } },
{ "type": "Feature", "properties": { "overture_id": "49d2b78a-e7bd-49cc-9622-384a7fb7255d", "osm_id": 2271440, "area_m2": 25.18 }, "geometry": { "type": "Polygon", "coordinates": [ [ [ 30.7448425, 50.1336337 ], [ 30.7448144, 50.1336268 ], [ 30.7447903, 50.1336673 ], [ 30.7448183, 50.1336742 ], [ 30.7448425, 50.1336337 ] ] ] } },
{ "type": "Feature", "properties": { "overture_id": "f0f8e8a9-3116-454f-b55a-90ceec9e2c46", "osm_id": 2271440, "area_m2": 2769.28 }, "geometry": { "type": "Polygon", "coordinates": [ [ [ 30.7466607, 50.1339465 ], [ 30.7467291, 50.1337382 ], [ 30.7460705, 50.1336494 ], [ 30.7460022, 50.1338577 ], [ 30.7466607, 50.1339465 ] ] ] } },
{ "type": "Feature", "properties": { "overture_id": "ddcd40a1-b8e9-43ea-bfbe-04a62468c3e1", "osm_id": 2271440, "area_m2": 638.93 }, "geometry": { "type": "Polygon", "coordinates": [ [ [ 30.7563877, 50.1342618 ], [ 30.7564497, 50.1342561 ], [ 30.7564911, 50.1342626 ], [ 30.756498, 50.134262 ], [ 30.7565636, 50.1342723 ], [ 30.7565776, 50.134271 ], [ 30.7565669, 50.134223 ], [ 30.7565363, 50.1342181 ], [ 30.7565292, 50.1341861 ], [ 30.7564958, 50.1341808 ], [ 30.7564898, 50.1341541 ], [ 30.7563773, 50.1341363 ], [ 30.7563566, 50.1341382 ], [ 30.7563359, 50.134135 ], [ 30.756264, 50.1341416 ], [ 30.7562265, 50.1342396 ], [ 30.7562394, 50.1342384 ], [ 30.7563877, 50.1342618 ] ] ] } },
{ "type": "Feature", "properties": { "overture_id": "77265f09-9eb8-442b-aa52-77c471248faa", "osm_id": 2271440, "area_m2": 261.31 }, "geometry": { "type": "Polygon", "coordinates": [ [ [ 30.743747, 50.1315944 ], [ 30.7436435, 50.1315875 ], [ 30.7436225, 50.1317167 ], [ 30.7437259, 50.1317237 ], [ 30.743747, 50.1315944 ] ] ] } },
{ "type": "Feature", "properties": { "overture_id": "879443e4-9dbf-4263-b5a4-18342c641672", "osm_id": 2271440, "area_m2": 27.23 }, "geometry": { "type": "Polygon", "coordinates": [ [ [ 30.7546618, 50.1322129 ], [ 30.7547298, 50.1322198 ], [ 30.7547348, 50.1321996 ], [ 30.7546667, 50.1321927 ], [ 30.7546618, 50.1322129 ] ] ] } },
{ "type": "Feature", "properties": { "overture_id": "3b6b40b7-f0eb-4981-a499-7ca70772338d", "osm_id": 2271440, "area_m2": 1549.07 }, "geometry": { "type": "Polygon", "coordinates": [ [ [ 30.7564445, 50.136016 ], [ 30.7566264, 50.1355879 ], [ 30.7564521, 50.1355575 ], [ 30.7562703, 50.1359856 ], [ 30.7564445, 50.136016 ] ] ] } },
{ "type": "Feature", "properties": { "overture_id": "b68fbc11-d1d5-446c-ae08-3e5684ec16cc", "osm_id": 2271440, "area_m2": 1054.21 }, "geometry": { "type": "Polygon", "coordinates": [ [ [ 30.7428529, 50.1327815 ], [ 30.7431129, 50.1328174 ], [ 30.7431013, 50.1328519 ], [ 30.7431372, 50.1328569 ], [ 30.7431499, 50.1328191 ], [ 30.7432473, 50.1328325 ], [ 30.7432638, 50.1327832 ], [ 30.7432576, 50.1327824 ], [ 30.7432841, 50.1327035 ], [ 30.742897, 50.1326501 ], [ 30.7428529, 50.1327815 ] ] ] } },
{ "type": "Feature", "properties": { "overture_id": "b6fd4ef3-0c19-40ca-9e4d-19c96e0ad431", "osm_id": 2271440, "area_m2": 523.16 }, "geometry": { "type": "Polygon", "coordinates": [ [ [ 30.7460214, 50.1330005 ], [ 30.7460568, 50.1329035 ], [ 30.7457923, 50.1328638 ], [ 30.7457569, 50.1329608 ], [ 30.7460214, 50.1330005 ] ] ] } },
{ "type": "Feature", "properties": { "overture_id": "1032e287-f230-48a4-ba57-7fe52c67261d", "osm_id": 2271440, "area_m2": 254.47 }, "geometry": { "type": "Polygon", "coordinates": [ [ [ 30.7544546, 50.1300131 ], [ 30.7544337, 50.1300152 ], [ 30.7544422, 50.1300488 ], [ 30.7544892, 50.1300439 ], [ 30.754504, 50.1301025 ], [ 30.7546138, 50.1300911 ], [ 30.7545986, 50.1300308 ], [ 30.7545385, 50.1300371 ], [ 30.7545203, 50.129965 ], [ 30.7544445, 50.1299729 ], [ 30.7544546, 50.1300131 ] ] ] } },
{ "type": "Feature", "properties": { "overture_id": "fcc3bd14-f69a-4cb0-bdf1-8cec1b55f8b8", "osm_id": 2271440, "area_m2": 44.23 }, "geometry": { "type": "Polygon", "coordinates": [ [ [ 30.7472461, 50.133151 ], [ 30.747289, 50.1331517 ], [ 30.747291, 50.1330984 ], [ 30.7472481, 50.1330977 ], [ 30.7472461, 50.133151 ] ] ] } },
{ "type": "Feature", "properties": { "overture_id": "dd4d79f0-7c22-4583-8b26-edcd128333c4", "osm_id": 2271440, "area_m2": 40.14 }, "geometry": { "type": "Polygon", "coordinates": [ [ [ 30.7568487, 50.1345661 ], [ 30.7568121, 50.1345656 ], [ 30.7568104, 50.1346223 ], [ 30.756847, 50.1346228 ], [ 30.7568487, 50.1345661 ] ] ] } },
{ "type": "Feature", "properties": { "overture_id": "ead69f6b-2d31-4367-9f2d-95021429d7e1", "osm_id": 2271440, "area_m2": 57.91 }, "geometry": { "type": "Polygon", "coordinates": [ [ [ 30.746269, 50.1335746 ], [ 30.746352, 50.1335844 ], [ 30.7463621, 50.1335495 ], [ 30.7462791, 50.1335397 ], [ 30.746269, 50.1335746 ] ] ] } },
{ "type": "Feature", "properties": { "overture_id": "29d0f01d-0994-4410-bdc3-ea20e6f84fb3", "osm_id": 2271440, "area_m2": 3702.8 }, "geometry": { "type": "Polygon", "coordinates": [ [ [ 30.7565177, 50.1348069 ], [ 30.7561717, 50.1347551 ], [ 30.7559807, 50.1352802 ], [ 30.7563266, 50.1353319 ], [ 30.7565177, 50.1348069 ] ] ] } },
{ "type": "Feature", "properties": { "overture_id": "00b72d79-c49a-4d47-bd6a-0c88c255ae4e", "osm_id": 2271440, "area_m2": 387.25 }, "geometry": { "type": "Polygon", "coordinates": [ [ [ 30.7536406, 50.1337287 ], [ 30.7535588, 50.1337109 ], [ 30.7535458, 50.1337356 ], [ 30.7535015, 50.133726 ], [ 30.7535169, 50.1336967 ], [ 30.7533869, 50.1336685 ], [ 30.753356, 50.1337272 ], [ 30.7537003, 50.1338018 ], [ 30.7537279, 50.1337493 ], [ 30.7536398, 50.1337302 ], [ 30.7536406, 50.1337287 ] ] ] } },
{ "type": "Feature", "properties": { "overture_id": "ee11e7be-9509-48ea-8769-396fb417fa38", "osm_id": 2271440, "area_m2": 1128.78 }, "geometry": { "type": "Polygon", "coordinates": [ [ [ 30.7562469, 50.1336747 ], [ 30.7559973, 50.1342003 ], [ 30.7560047, 50.1342017 ], [ 30.7559733, 50.1342678 ], [ 30.7560592, 50.1342846 ], [ 30.7560921, 50.1342153 ], [ 30.7560897, 50.1342149 ], [ 30.7563377, 50.1336924 ], [ 30.7562469, 50.1336747 ] ] ] } },
{ "type": "Feature", "properties": { "overture_id": "4b0349eb-5d50-41a1-a82e-b95ddfbb4dbc", "osm_id": 2271440, "area_m2": 44.63 }, "geometry": { "type": "Polygon", "coordinates": [ [ [ 30.7476606, 50.1330495 ], [ 30.7476943, 50.1330499 ], [ 30.7476956, 50.1330052 ], [ 30.7476259, 50.1330044 ], [ 30.7476253, 50.1330267 ], [ 30.7476613, 50.1330271 ], [ 30.7476606, 50.1330495 ] ] ] } },
{ "type": "Feature", "properties": { "overture_id": "883453eb-84be-434b-8ab1-6abb2f5267ea", "osm_id": 2271440, "area_m2": 1268.75 }, "geometry": { "type": "Polygon", "coordinates": [ [ [ 30.7425487, 50.1345688 ], [ 30.7421121, 50.1345046 ], [ 30.742061, 50.1346474 ], [ 30.7424976, 50.1347116 ], [ 30.7425487, 50.1345688 ] ] ] } },
{ "type": "Feature", "properties": { "overture_id": "03088f19-9bc6-413a-b832-5da232b0e078", "osm_id": 2271440, "area_m2": 408.98 }, "geometry": { "type": "Polygon", "coordinates": [ [ [ 30.754926, 50.1306888 ], [ 30.7549357, 50.1307291 ], [ 30.7548493, 50.1307377 ], [ 30.7548761, 50.1308485 ], [ 30.7550359, 50.1308326 ], [ 30.7549993, 50.1306815 ], [ 30.754926, 50.1306888 ] ] ] } },
{ "type": "Feature", "properties": { "overture_id": "9ba527de-ada7-4d18-ad2a-e1696d88304b", "osm_id": 2271440, "area_m2": 54.65 }, "geometry": { "type": "Polygon", "coordinates": [ [ [ 30.7570757, 50.1344775 ], [ 30.7571784, 50.134495 ], [ 30.7571891, 50.1344693 ], [ 30.7570864, 50.1344518 ], [ 30.7570757, 50.1344775 ] ] ] } },
{ "type": "Feature", "properties": { "overture_id": "32ab0926-5e1c-46b8-ae15-186c15f00c85", "osm_id": 2271440, "area_m2": 133.94 }, "geometry": { "type": "Polygon", "coordinates": [ [ [ 30.7538092, 50.1321156 ], [ 30.7538365, 50.1320324 ], [ 30.7537568, 50.1320216 ], [ 30.7537295, 50.1321049 ], [ 30.7538092, 50.1321156 ] ] ] } },
{ "type": "Feature", "properties": { "overture_id": "c2a9054e-6e8a-4169-a7ca-009656b4c0c0", "osm_id": 2271440, "area_m2": 76.14 }, "geometry": { "type": "Polygon", "coordinates": [ [ [ 30.7484593, 50.1359456 ], [ 30.7483919, 50.1359398 ], [ 30.7483799, 50.1359972 ], [ 30.7484473, 50.136003 ], [ 30.7484593, 50.1359456 ] ] ] } },
{ "type": "Feature", "properties": { "overture_id": "9e67bcf7-999c-473c-b666-7ab50a6d145c", "osm_id": 2271440, "area_m2": 83.55 }, "geometry": { "type": "Polygon", "coordinates": [ [ [ 30.7471994, 50.1327121 ], [ 30.7472977, 50.132722 ], [ 30.7473083, 50.1326791 ], [ 30.74721, 50.1326692 ], [ 30.7471994, 50.1327121 ] ] ] } },
{ "type": "Feature", "properties": { "overture_id": "7ea78af1-b972-413f-bbbe-4facedfa0f7f", "osm_id": 2271440, "area_m2": 69.99 }, "geometry": { "type": "Polygon", "coordinates": [ [ [ 30.7471645, 50.1337219 ], [ 30.7471738, 50.1336797 ], [ 30.7470896, 50.1336721 ], [ 30.7470803, 50.1337142 ], [ 30.7471645, 50.1337219 ] ] ] } },
{ "type": "Feature", "properties": { "overture_id": "bec837d6-bea7-40e5-bb76-84ba880b864f", "osm_id": 2271440, "area_m2": 41.07 }, "geometry": { "type": "Polygon", "coordinates": [ [ [ 30.7552726, 50.1306126 ], [ 30.7552781, 50.1306449 ], [ 30.7553431, 50.1306403 ], [ 30.7553376, 50.130608 ], [ 30.7552726, 50.1306126 ] ] ] } },
{ "type": "Feature", "properties": { "overture_id": "ac4e5ae9-f79a-4b75-848a-421840e52427", "osm_id": 2271440, "area_m2": 73.96 }, "geometry": { "type": "Polygon", "coordinates": [ [ [ 30.7536464, 50.1358367 ], [ 30.7537854, 50.135866 ], [ 30.7537981, 50.1358411 ], [ 30.7536591, 50.1358119 ], [ 30.7536464, 50.1358367 ] ] ] } },
{ "type": "Feature", "properties": { "overture_id": "dadfc226-b7e6-4c6b-b65e-2af36afb5ad0", "osm_id": 2271440, "area_m2": 576.33 }, "geometry": { "type": "Polygon", "coordinates": [ [ [ 30.7463007, 50.1321537 ], [ 30.7459995, 50.1321065 ], [ 30.7459639, 50.1321999 ], [ 30.7462651, 50.1322471 ], [ 30.7463007, 50.1321537 ] ] ] } },
{ "type": "Feature", "properties": { "overture_id": "e54c7311-def5-43bd-9b67-041d4ae38435", "osm_id": 2271440, "area_m2": 50.73 }, "geometry": { "type": "Polygon", "coordinates": [ [ [ 30.7553728, 50.1325791 ], [ 30.7554146, 50.1325834 ], [ 30.7554299, 50.1325222 ], [ 30.755388, 50.132518 ], [ 30.7553728, 50.1325791 ] ] ] } },
{ "type": "Feature", "properties": { "overture_id": "cac69d8f-3946-4928-af12-2e2934755f75", "osm_id": 2271440, "area_m2": 937.39 }, "geometry": { "type": "Polygon", "coordinates": [ [ [ 30.7507124, 50.133547 ], [ 30.7506088, 50.1335335 ], [ 30.7505885, 50.1335497 ], [ 30.7504421, 50.1335307 ], [ 30.7504502, 50.133505 ], [ 30.7504084, 50.1334835 ], [ 30.7504003, 50.13349 ], [ 30.750372, 50.1335793 ], [ 30.7504224, 50.1335859 ], [ 30.7504509, 50.1336006 ], [ 30.7505271, 50.1336105 ], [ 30.7505658, 50.1336304 ], [ 30.7508049, 50.1336615 ], [ 30.75082, 50.1336693 ], [ 30.7509857, 50.1336909 ], [ 30.7510047, 50.1336308 ], [ 30.7508318, 50.1336083 ], [ 30.7507124, 50.133547 ] ] ] } },
{ "type": "Feature", "properties": { "overture_id": "4b3c1829-7c25-49ce-ac5f-cb7b58625de5", "osm_id": 2271440, "area_m2": 791.67 }, "geometry": { "type": "Polygon", "coordinates": [ [ [ 30.7547009, 50.1321766 ], [ 30.7548105, 50.1321927 ], [ 30.7548485, 50.1320865 ], [ 30.7548714, 50.1320899 ], [ 30.7549451, 50.1318841 ], [ 30.7548126, 50.1318646 ], [ 30.7547009, 50.1321766 ] ] ] } },
{ "type": "Feature", "properties": { "overture_id": "e9a37bba-d5a4-4874-aa96-97c525176bd3", "osm_id": 2271440, "area_m2": 604.01 }, "geometry": { "type": "Polygon", "coordinates": [ [ [ 30.7497829, 50.1357486 ], [ 30.7494898, 50.1357223 ], [ 30.749467, 50.1358269 ], [ 30.7497601, 50.1358531 ], [ 30.7497829, 50.1357486 ] ] ] } },
{ "type": "Feature", "properties": { "overture_id": "7634178a-a8fa-4a08-b63b-db7c4d9c019a", "osm_id": 2271440, "area_m2": 56.73 }, "geometry": { "type": "Polygon", "coordinates": [ [ [ 30.7507892, 50.1343231 ], [ 30.7507039, 50.134311 ], [ 30.7506926, 50.1343438 ], [ 30.7507779, 50.1343559 ], [ 30.7507892, 50.1343231 ] ] ] } },
{ "type": "Feature", "properties": { "overture_id": "87376ca1-854c-456f-b855-0adbdeb591d8", "osm_id": 2271440, "area_m2": 2986.43 }, "geometry": { "type": "Polygon", "coordinates": [ [ [ 30.748697, 50.1340889 ], [ 30.7487105, 50.1340489 ], [ 30.7485466, 50.1340261 ], [ 30.7485347, 50.1340612 ], [ 30.7483518, 50.1340358 ], [ 30.748286, 50.1342306 ], [ 30.7489607, 50.1343243 ], [ 30.7490388, 50.1340934 ], [ 30.7487467, 50.1340529 ], [ 30.7487328, 50.1340939 ], [ 30.748697, 50.1340889 ] ] ] } },
{ "type": "Feature", "properties": { "overture_id": "8e123125-0127-4855-afd9-66c0519ce8e6", "osm_id": 2271440, "area_m2": 460.54 }, "geometry": { "type": "Polygon", "coordinates": [ [ [ 30.7520857, 50.1341521 ], [ 30.7519815, 50.1341379 ], [ 30.7519086, 50.1343565 ], [ 30.7520128, 50.1343708 ], [ 30.7520857, 50.1341521 ] ] ] } },
{ "type": "Feature", "properties": { "overture_id": "8d3af9f7-6cbe-4e8d-bb64-17a4b0be550c", "osm_id": 2271440, "area_m2": 191.7 }, "geometry": { "type": "Polygon", "coordinates": [ [ [ 30.7543521, 50.1347901 ], [ 30.754346, 50.1348579 ], [ 30.7545128, 50.1348641 ], [ 30.7545168, 50.1348195 ], [ 30.7544553, 50.1348172 ], [ 30.7544574, 50.134794 ], [ 30.7543521, 50.1347901 ] ] ] } },
{ "type": "Feature", "properties": { "overture_id": "20783aaf-8270-4e0d-8595-17698df2517c", "osm_id": 2271440, "area_m2": 571.36 }, "geometry": { "type": "Polygon", "coordinates": [ [ [ 30.7453144, 50.1328924 ], [ 30.7454495, 50.1329123 ], [ 30.7454378, 50.1329449 ], [ 30.7454953, 50.1329534 ], [ 30.7455099, 50.1329126 ], [ 30.7455773, 50.1329224 ], [ 30.7456111, 50.1328277 ], [ 30.7453512, 50.1327895 ], [ 30.7453144, 50.1328924 ] ] ] } },
{ "type": "Feature", "properties": { "overture_id": "5f85d66b-a7b1-480b-8ab4-1220e7c8ae6a", "osm_id": 2271440, "area_m2": 1254.53 }, "geometry": { "type": "Polygon", "coordinates": [ [ [ 30.7462984, 50.1324937 ], [ 30.7463345, 50.1324983 ], [ 30.746314, 50.1325645 ], [ 30.746826, 50.1326297 ], [ 30.7468627, 50.1325115 ], [ 30.7463145, 50.1324416 ], [ 30.7462984, 50.1324937 ] ] ] } },
{ "type": "Feature", "properties": { "overture_id": "4a89d36f-cb6f-4ef3-963d-54cef71203fb", "osm_id": 2271440, "area_m2": 78.34 }, "geometry": { "type": "Polygon", "coordinates": [ [ [ 30.7533972, 50.130654 ], [ 30.7534189, 50.1307316 ], [ 30.7534695, 50.1307258 ], [ 30.7534478, 50.1306482 ], [ 30.7533972, 50.130654 ] ] ] } },
{ "type": "Feature", "properties": { "overture_id": "df1dce7e-9d4b-473e-b3fa-42535ff2ad56", "osm_id": 2271440, "area_m2": 1183.55 }, "geometry": { "type": "Polygon", "coordinates": [ [ [ 30.7481893, 50.1327482 ], [ 30.7476877, 50.132676 ], [ 30.747647, 50.1327922 ], [ 30.7481485, 50.1328644 ], [ 30.7481893, 50.1327482 ] ] ] } },
{ "type": "Feature", "properties": { "overture_id": "6524e077-3cf5-4d01-a740-f48f8126a176", "osm_id": 2271440, "area_m2": 935.66 }, "geometry": { "type": "Polygon", "coordinates": [ [ [ 30.7441455, 50.133199 ], [ 30.7441984, 50.1332076 ], [ 30.7441812, 50.1332513 ], [ 30.7443097, 50.1332721 ], [ 30.7444138, 50.1330088 ], [ 30.7442323, 50.1329793 ], [ 30.7441455, 50.133199 ] ] ] } },
{ "type": "Feature", "properties": { "overture_id": "04d1e247-417b-4446-acc5-997ff2dd4ec7", "osm_id": 2271440, "area_m2": 2997.0 }, "geometry": { "type": "Polygon", "coordinates": [ [ [ 30.7467196, 50.1330562 ], [ 30.746577, 50.1330424 ], [ 30.746562, 50.133009 ], [ 30.7464788, 50.133001 ], [ 30.7465845, 50.1329815 ], [ 30.746557, 50.1329201 ], [ 30.7462361, 50.1328889 ], [ 30.7462218, 50.1329496 ], [ 30.7461769, 50.1329578 ], [ 30.7461709, 50.132983 ], [ 30.7459508, 50.1330236 ], [ 30.7459598, 50.1330245 ], [ 30.7454944, 50.1331103 ], [ 30.7455147, 50.1331556 ], [ 30.7453965, 50.1331774 ], [ 30.745394, 50.133188 ], [ 30.7454206, 50.1332472 ], [ 30.7454713, 50.1332521 ], [ 30.7457801, 50.1331952 ], [ 30.7457867, 50.1331673 ], [ 30.7459141, 50.1331438 ], [ 30.7459261, 50.133145 ], [ 30.7459303, 50.1331271 ], [ 30.746305, 50.133058 ], [ 30.7467099, 50.1330973 ], [ 30.7467196, 50.1330562 ] ] ] } },
{ "type": "Feature", "properties": { "overture_id": "448ad7cc-c3b5-4746-98ec-9f99d6f6b928", "osm_id": 2271440, "area_m2": 416.42 }, "geometry": { "type": "Polygon", "coordinates": [ [ [ 30.7518712, 50.1339147 ], [ 30.7522116, 50.133964 ], [ 30.7522189, 50.1339434 ], [ 30.752173, 50.1339368 ], [ 30.7521891, 50.133891 ], [ 30.7518947, 50.1338483 ], [ 30.7518712, 50.1339147 ] ] ] } },
{ "type": "Feature", "properties": { "overture_id": "57b0f493-213b-4744-b65b-28aeb045b2b3", "osm_id": 2271440, "area_m2": 76.7 }, "geometry": { "type": "Polygon", "coordinates": [ [ [ 30.7465874, 50.1335867 ], [ 30.7464933, 50.1335705 ], [ 30.7464769, 50.1336099 ], [ 30.746571, 50.133626 ], [ 30.7465874, 50.1335867 ] ] ] } },
{ "type": "Feature", "properties": { "overture_id": "d47c4d0b-f782-4606-93bc-8faf012fed25", "osm_id": 2271440, "area_m2": 856.88 }, "geometry": { "type": "Polygon", "coordinates": [ [ [ 30.7539869, 50.1307748 ], [ 30.7541775, 50.1307845 ], [ 30.7541519, 50.1309929 ], [ 30.7542345, 50.1309971 ], [ 30.7542663, 50.1307383 ], [ 30.7539198, 50.1307208 ], [ 30.7538979, 50.1308993 ], [ 30.7539712, 50.130903 ], [ 30.7539869, 50.1307748 ] ] ] } },
{ "type": "Feature", "properties": { "overture_id": "b1c7c384-d1fd-4688-a09a-40ac5647856d", "osm_id": 2271440, "area_m2": 464.2 }, "geometry": { "type": "Polygon", "coordinates": [ [ [ 30.7513513, 50.1332707 ], [ 30.7513683, 50.1332258 ], [ 30.7512786, 50.1332118 ], [ 30.7512111, 50.1333898 ], [ 30.7512998, 50.1334036 ], [ 30.7513305, 50.1333225 ], [ 30.7514622, 50.133343 ], [ 30.7514819, 50.133291 ], [ 30.7513513, 50.1332707 ] ] ] } },
{ "type": "Feature", "properties": { "overture_id": "0aae4be2-4247-4fb1-98af-01325ce0ca15", "osm_id": 2271440, "area_m2": 764.01 }, "geometry": { "type": "Polygon", "coordinates": [ [ [ 30.7564557, 50.133557 ], [ 30.756411, 50.133551 ], [ 30.7564925, 50.1333006 ], [ 30.7564037, 50.1332887 ], [ 30.756284, 50.133656 ], [ 30.7564176, 50.1336739 ], [ 30.7564557, 50.133557 ] ] ] } },
{ "type": "Feature", "properties": { "overture_id": "910d6899-b33c-4f11-b408-30b851440970", "osm_id": 2271440, "area_m2": 231.13 }, "geometry": { "type": "Polygon", "coordinates": [ [ [ 30.756529, 50.1348052 ], [ 30.7564899, 50.1349 ], [ 30.7566077, 50.13492 ], [ 30.7566469, 50.1348252 ], [ 30.756529, 50.1348052 ] ] ] } },
{ "type": "Feature", "properties": { "overture_id": "fe18cea9-5c29-4a35-b8be-71128cb1cd2a", "osm_id": 2271440, "area_m2": 897.88 }, "geometry": { "type": "Polygon", "coordinates": [ [ [ 30.750527, 50.1332628 ], [ 30.750585, 50.1332739 ], [ 30.750599, 50.1332439 ], [ 30.7505523, 50.1332349 ], [ 30.7505545, 50.1332302 ], [ 30.7505062, 50.133221 ], [ 30.7505202, 50.133191 ], [ 30.749948, 50.1330813 ], [ 30.7499159, 50.1331502 ], [ 30.750525, 50.1332669 ], [ 30.750527, 50.1332628 ] ] ] } },
{ "type": "Feature", "properties": { "overture_id": "1297884e-3d45-49f0-af04-caaf0e49c244", "osm_id": 2271440, "area_m2": 1115.59 }, "geometry": { "type": "Polygon", "coordinates": [ [ [ 30.7515819, 50.1347922 ], [ 30.751558, 50.1347888 ], [ 30.7515142, 50.1349168 ], [ 30.7517839, 50.1349546 ], [ 30.7518562, 50.134743 ], [ 30.7516105, 50.1347085 ], [ 30.7515819, 50.1347922 ] ] ] } },
{ "type": "Feature", "properties": { "overture_id": "d5d4dfdb-1f8a-4aaf-8619-f8c24d2de991", "osm_id": 2271440, "area_m2": 947.62 }, "geometry": { "type": "Polygon", "coordinates": [ [ [ 30.7456533, 50.1318084 ], [ 30.7454473, 50.131758 ], [ 30.745357, 50.1319096 ], [ 30.7453992, 50.1319199 ], [ 30.7453572, 50.1319904 ], [ 30.7455211, 50.1320305 ], [ 30.7456533, 50.1318084 ] ] ] } },
{ "type": "Feature", "properties": { "overture_id": "cc8b0487-8cb4-46e1-8492-a30402ab4382", "osm_id": 2271440, "area_m2": 46.03 }, "geometry": { "type": "Polygon", "coordinates": [ [ [ 30.7565568, 50.1347776 ], [ 30.756571, 50.1347366 ], [ 30.7565156, 50.1347287 ], [ 30.7565015, 50.1347697 ], [ 30.7565568, 50.1347776 ] ] ] } },
{ "type": "Feature", "properties": { "overture_id": "31a4c8ca-8324-47bd-b638-a1e41293b85f", "osm_id": 2271440, "area_m2": 39.65 }, "geometry": { "type": "Polygon", "coordinates": [ [ [ 30.7527604, 50.134256 ], [ 30.7527742, 50.1342222 ], [ 30.7527174, 50.1342127 ], [ 30.7527036, 50.1342465 ], [ 30.7527604, 50.134256 ] ] ] } },
{ "type": "Feature", "properties": { "overture_id": "c35cfa7e-2dfc-4bea-825e-36e7fc1ffc86", "osm_id": 2271440, "area_m2": 38.21 }, "geometry": { "type": "Polygon", "coordinates": [ [ [ 30.7518975, 50.1358729 ], [ 30.7519475, 50.1358773 ], [ 30.7519558, 50.1358385 ], [ 30.7519058, 50.1358341 ], [ 30.7518975, 50.1358729 ] ] ] } },
{ "type": "Feature", "properties": { "overture_id": "c5f3b536-0dd6-4a30-b050-f09e9654e2fc", "osm_id": 2271440, "area_m2": 330.24 }, "geometry": { "type": "Polygon", "coordinates": [ [ [ 30.7458572, 50.1319914 ], [ 30.7461331, 50.1320427 ], [ 30.746159, 50.1319856 ], [ 30.745883, 50.1319343 ], [ 30.7458572, 50.1319914 ] ] ] } },
{ "type": "Feature", "properties": { "overture_id": "6400eb40-170d-4bf4-8160-23829f55c90f", "osm_id": 2271440, "area_m2": 173.85 }, "geometry": { "type": "Polygon", "coordinates": [ [ [ 30.7552966, 50.1310581 ], [ 30.7553003, 50.130986 ], [ 30.7551757, 50.1309834 ], [ 30.755172, 50.1310555 ], [ 30.7552966, 50.1310581 ] ] ] } },
{ "type": "Feature", "properties": { "overture_id": "51202946-7775-4345-b16c-aa0c527117ea", "osm_id": 2271440, "area_m2": 598.02 }, "geometry": { "type": "Polygon", "coordinates": [ [ [ 30.742462, 50.1347832 ], [ 30.7423049, 50.1347601 ], [ 30.7422379, 50.1349472 ], [ 30.7423949, 50.1349703 ], [ 30.742462, 50.1347832 ] ] ] } },
{ "type": "Feature", "properties": { "overture_id": "13d5285b-3349-4b24-a480-37840779e147", "osm_id": 2271440, "area_m2": 31.38 }, "geometry": { "type": "Polygon", "coordinates": [ [ [ 30.7466422, 50.1354911 ], [ 30.7466544, 50.1354622 ], [ 30.746602, 50.1354531 ], [ 30.7465898, 50.1354819 ], [ 30.7466422, 50.1354911 ] ] ] } },
{ "type": "Feature", "properties": { "overture_id": "663ea810-a34b-4b2c-befe-0f5f3279b1af", "osm_id": 2271440, "area_m2": 1972.77 }, "geometry": { "type": "Polygon", "coordinates": [ [ [ 30.7472426, 50.1340532 ], [ 30.7472678, 50.1339884 ], [ 30.7473536, 50.1340022 ], [ 30.7473819, 50.1339293 ], [ 30.7474097, 50.1339337 ], [ 30.7474314, 50.133878 ], [ 30.7468859, 50.1337909 ], [ 30.7468107, 50.1339842 ], [ 30.7472426, 50.1340532 ] ] ] } },
{ "type": "Feature", "properties": { "overture_id": "6c7f8d1b-0bc7-43ce-b78b-b51f0f0a2c54", "osm_id": 2271440, "area_m2": 43.85 }, "geometry": { "type": "Polygon", "coordinates": [ [ [ 30.745324, 50.1353248 ], [ 30.7453702, 50.1353311 ], [ 30.7453857, 50.1352841 ], [ 30.7453394, 50.1352779 ], [ 30.745324, 50.1353248 ] ] ] } },
{ "type": "Feature", "properties": { "overture_id": "17f2f32f-d078-4d32-a31d-749abf26be83", "osm_id": 2271440, "area_m2": 252.39 }, "geometry": { "type": "Polygon", "coordinates": [ [ [ 30.7497422, 50.1340923 ], [ 30.7497158, 50.1341547 ], [ 30.7499106, 50.1341886 ], [ 30.7499371, 50.1341262 ], [ 30.7497422, 50.1340923 ] ] ] } },
{ "type": "Feature", "properties": { "overture_id": "79a02aef-df5a-4887-b60e-769de769361b", "osm_id": 2271440, "area_m2": 106.43 }, "geometry": { "type": "Polygon", "coordinates": [ [ [ 30.7535193, 50.1364133 ], [ 30.7535993, 50.1364235 ], [ 30.7536198, 50.1363573 ], [ 30.7535398, 50.1363471 ], [ 30.7535193, 50.1364133 ] ] ] } },
{ "type": "Feature", "properties": { "overture_id": "97d3b6ba-12a7-4509-8acf-2d05cd64850b", "osm_id": 2271440, "area_m2": 183.77 }, "geometry": { "type": "Polygon", "coordinates": [ [ [ 30.7551788, 50.130974 ], [ 30.7553222, 50.1309757 ], [ 30.7553241, 50.1309094 ], [ 30.7551806, 50.1309078 ], [ 30.7551788, 50.130974 ] ] ] } },
{ "type": "Feature", "properties": { "overture_id": "90815cc7-b0d3-4753-9146-f3e3eedbadf6", "osm_id": 2271440, "area_m2": 44.71 }, "geometry": { "type": "Polygon", "coordinates": [ [ [ 30.7548287, 50.1339382 ], [ 30.754752, 50.1339239 ], [ 30.7547394, 50.1339517 ], [ 30.7548161, 50.133966 ], [ 30.7548287, 50.1339382 ] ] ] } },
{ "type": "Feature", "properties": { "overture_id": "ad0b6e27-f0b9-4999-8279-011f266919c9", "osm_id": 2271440, "area_m2": 760.8 }, "geometry": { "type": "Polygon", "coordinates": [ [ [ 30.7570095, 50.1342368 ], [ 30.7568623, 50.1342325 ], [ 30.7568633, 50.1342188 ], [ 30.7567365, 50.1342151 ], [ 30.7567344, 50.1342434 ], [ 30.7566836, 50.1342419 ], [ 30.756685, 50.1342222 ], [ 30.7566485, 50.1342211 ], [ 30.7566434, 50.1342923 ], [ 30.7568486, 50.1342983 ], [ 30.7568496, 50.1342837 ], [ 30.7569004, 50.1342852 ], [ 30.7569032, 50.1342466 ], [ 30.7569273, 50.1342473 ], [ 30.7569267, 50.134255 ], [ 30.7570365, 50.1342582 ], [ 30.7570325, 50.134314 ], [ 30.7572476, 50.1343203 ], [ 30.7572539, 50.1342319 ], [ 30.7570104, 50.1342248 ], [ 30.7570095, 50.1342368 ] ] ] } },
{ "type": "Feature", "properties": { "overture_id": "5182c484-2e01-4077-a5e8-44d1f5238f4a", "osm_id": 2271440, "area_m2": 331.24 }, "geometry": { "type": "Polygon", "coordinates": [ [ [ 30.7555363, 50.1321621 ], [ 30.7554413, 50.1321427 ], [ 30.7553597, 50.1323064 ], [ 30.7554547, 50.1323258 ], [ 30.7555363, 50.1321621 ] ] ] } },
{ "type": "Feature", "properties": { "overture_id": "3e591473-101c-4c72-bdb8-053d9d3a0270", "osm_id": 2271440, "area_m2": 188.23 }, "geometry": { "type": "Polygon", "coordinates": [ [ [ 30.7514651, 50.1346625 ], [ 30.751462, 50.1345869 ], [ 30.7513333, 50.1345891 ], [ 30.7513364, 50.1346647 ], [ 30.7514651, 50.1346625 ] ] ] } },
{ "type": "Feature", "properties": { "overture_id": "dcbbf10e-f5c3-4e5f-94df-32ae53dd83c2", "osm_id": 2271440, "area_m2": 252.85 }, "geometry": { "type": "Polygon", "coordinates": [ [ [ 30.7524445, 50.1339329 ], [ 30.7522617, 50.1338986 ], [ 30.7522316, 50.1339645 ], [ 30.7524144, 50.1339988 ], [ 30.7524445, 50.1339329 ] ] ] } },
{ "type": "Feature", "properties": { "overture_id": "cec0d327-57b1-434f-98a2-14a99bc8e4e6", "osm_id": 2271440, "area_m2": 226.33 }, "geometry": { "type": "Polygon", "coordinates": [ [ [ 30.7545019, 50.131656 ], [ 30.7544863, 50.13176 ], [ 30.7545979, 50.1317668 ], [ 30.7546135, 50.1316629 ], [ 30.7545019, 50.131656 ] ] ] } },
{ "type": "Feature", "properties": { "overture_id": "899411c5-f7a3-45e8-846e-16c9cd8b56ba", "osm_id": 2271440, "area_m2": 396.07 }, "geometry": { "type": "Polygon", "coordinates": [ [ [ 30.744441, 50.1336229 ], [ 30.7445941, 50.1336434 ], [ 30.744621, 50.1335611 ], [ 30.7446349, 50.1335629 ], [ 30.7446486, 50.1335209 ], [ 30.7444816, 50.1334985 ], [ 30.744441, 50.1336229 ] ] ] } },
{ "type": "Feature", "properties": { "overture_id": "66a09ae7-1966-48dc-8d67-612c0e8cc3d5", "osm_id": 2271440, "area_m2": 44.66 }, "geometry": { "type": "Polygon", "coordinates": [ [ [ 30.7468296, 50.1355243 ], [ 30.7467788, 50.1355181 ], [ 30.7467659, 50.1355621 ], [ 30.7468166, 50.1355682 ], [ 30.7468296, 50.1355243 ] ] ] } },
{ "type": "Feature", "properties": { "overture_id": "cbf8cbb2-848c-499f-a8fe-84e4383df70d", "osm_id": 2271440, "area_m2": 85.04 }, "geometry": { "type": "Polygon", "coordinates": [ [ [ 30.7561747, 50.1342059 ], [ 30.7561967, 50.1341585 ], [ 30.7561114, 50.1341422 ], [ 30.7560894, 50.1341895 ], [ 30.7561747, 50.1342059 ] ] ] } },
{ "type": "Feature", "properties": { "overture_id": "2ecd4a7a-27ac-4a88-b2d8-9c482e126509", "osm_id": 2271440, "area_m2": 1114.78 }, "geometry": { "type": "Polygon", "coordinates": [ [ [ 30.7520261, 50.1344051 ], [ 30.7518817, 50.1343882 ], [ 30.7519177, 50.1342617 ], [ 30.7518399, 50.1342526 ], [ 30.751787, 50.1342464 ], [ 30.7517983, 50.1342065 ], [ 30.7517552, 50.1342015 ], [ 30.7516791, 50.1344687 ], [ 30.7519974, 50.1345059 ], [ 30.7520261, 50.1344051 ] ] ] } },
{ "type": "Feature", "properties": { "overture_id": "749bb273-7694-4dae-888c-cb8743f8cf26", "osm_id": 2271440, "area_m2": 87.91 }, "geometry": { "type": "Polygon", "coordinates": [ [ [ 30.7547304, 50.1301447 ], [ 30.754742, 50.1301819 ], [ 30.7548594, 50.1301669 ], [ 30.7548478, 50.1301296 ], [ 30.7547304, 50.1301447 ] ] ] } },
{ "type": "Feature", "properties": { "overture_id": "89710e13-eac2-4388-ae41-eb051892ee6f", "osm_id": 2271440, "area_m2": 111.67 }, "geometry": { "type": "Polygon", "coordinates": [ [ [ 30.7539477, 50.1310289 ], [ 30.7539504, 50.1309636 ], [ 30.753862, 50.1309621 ], [ 30.7538593, 50.1310274 ], [ 30.7539477, 50.1310289 ] ] ] } },
{ "type": "Feature", "properties": { "overture_id": "d596b19c-9a8f-45b5-8a75-9904794434f3", "osm_id": 2271440, "area_m2": 1634.88 }, "geometry": { "type": "Polygon", "coordinates": [ [ [ 30.7477631, 50.1340036 ], [ 30.7477427, 50.1340006 ], [ 30.7476961, 50.1341324 ], [ 30.7481314, 50.1341956 ], [ 30.7481977, 50.1340082 ], [ 30.7477828, 50.133948 ], [ 30.7477631, 50.1340036 ] ] ] } },
{ "type": "Feature", "properties": { "overture_id": "71e7c432-85e9-4aac-a670-27ffc12ad6d5", "osm_id": 2271440, "area_m2": 273.11 }, "geometry": { "type": "Polygon", "coordinates": [ [ [ 30.7514811, 50.1338349 ], [ 30.7515023, 50.1337744 ], [ 30.7512801, 50.1337424 ], [ 30.751259, 50.133803 ], [ 30.7514811, 50.1338349 ] ] ] } },
{ "type": "Feature", "properties": { "overture_id": "db5f7ffa-72d1-40d0-bb7a-302c929c8474", "osm_id": 2271440, "area_m2": 50.48 }, "geometry": { "type": "Polygon", "coordinates": [ [ [ 30.7529287, 50.1304306 ], [ 30.7529996, 50.1304197 ], [ 30.7529866, 50.1303849 ], [ 30.7529156, 50.1303958 ], [ 30.7529287, 50.1304306 ] ] ] } },
{ "type": "Feature", "properties": { "overture_id": "eae382c9-dbc9-451a-a533-31f37994f18a", "osm_id": 2271440, "area_m2": 339.22 }, "geometry": { "type": "Polygon", "coordinates": [ [ [ 30.7512846, 50.1354987 ], [ 30.7509487, 50.1354667 ], [ 30.7509368, 50.1355178 ], [ 30.7512728, 50.1355498 ], [ 30.7512846, 50.1354987 ] ] ] } },
{ "type": "Feature", "properties": { "overture_id": "43faac41-f4dd-4aee-8b0f-d459dc151729", "osm_id": 2271440, "area_m2": 1216.77 }, "geometry": { "type": "Polygon", "coordinates": [ [ [ 30.7459502, 50.1324989 ], [ 30.7459949, 50.1323821 ], [ 30.7454864, 50.1323022 ], [ 30.7454417, 50.1324189 ], [ 30.7459502, 50.1324989 ] ] ] } },
{ "type": "Feature", "properties": { "overture_id": "af1434c5-37f4-420f-ad30-26ebe79403ff", "osm_id": 2271440, "area_m2": 229.45 }, "geometry": { "type": "Polygon", "coordinates": [ [ [ 30.7435089, 50.1324892 ], [ 30.7435355, 50.132491 ], [ 30.7435349, 50.1324944 ], [ 30.7436385, 50.1325011 ], [ 30.7436529, 50.1324101 ], [ 30.7435228, 50.1324017 ], [ 30.7435089, 50.1324892 ] ] ] } },
{ "type": "Feature", "properties": { "overture_id": "436519cb-a6ae-4a1b-bf45-31ec0bd06058", "osm_id": 2271440, "area_m2": 310.43 }, "geometry": { "type": "Polygon", "coordinates": [ [ [ 30.7509903, 50.1337015 ], [ 30.7512427, 50.1337245 ], [ 30.7512566, 50.1336622 ], [ 30.7510042, 50.1336391 ], [ 30.7509903, 50.1337015 ] ] ] } },
{ "type": "Feature", "properties": { "overture_id": "f81b6f72-5624-40f6-8f52-ebaebfdd3307", "osm_id": 2271440, "area_m2": 824.71 }, "geometry": { "type": "Polygon", "coordinates": [ [ [ 30.7569717, 50.1318539 ], [ 30.7569944, 50.1318575 ], [ 30.7568524, 50.1322252 ], [ 30.7568929, 50.1322317 ], [ 30.7569141, 50.1321766 ], [ 30.7569647, 50.1321846 ], [ 30.7571177, 50.1317885 ], [ 30.7570039, 50.1317704 ], [ 30.7569717, 50.1318539 ] ] ] } },
{ "type": "Feature", "properties": { "overture_id": "9bcbeaf2-0676-4195-95d7-798f101ec5a6", "osm_id": 2271440, "area_m2": 9619.56 }, "geometry": { "type": "Polygon", "coordinates": [ [ [ 30.7510328, 50.1350896 ], [ 30.7510856, 50.1349364 ], [ 30.7511297, 50.1349331 ], [ 30.7511455, 50.1348872 ], [ 30.7511148, 50.1348829 ], [ 30.7512673, 50.1344403 ], [ 30.7503645, 50.1343124 ], [ 30.750373, 50.1342879 ], [ 30.7504241, 50.1342951 ], [ 30.7504326, 50.1342705 ], [ 30.7503201, 50.1342546 ], [ 30.7503106, 50.1342821 ], [ 30.750261, 50.1342859 ], [ 30.7501315, 50.1346617 ], [ 30.7502605, 50.13468 ], [ 30.7502661, 50.1347102 ], [ 30.7502065, 50.1347147 ], [ 30.7502878, 50.1347262 ], [ 30.7503033, 50.1348093 ], [ 30.750319, 50.1347638 ], [ 30.7503147, 50.1347408 ], [ 30.7505289, 50.1347245 ], [ 30.7505226, 50.1346907 ], [ 30.7504951, 50.1346868 ], [ 30.7504921, 50.1346706 ], [ 30.75062, 50.1346608 ], [ 30.7506066, 50.1346996 ], [ 30.7507026, 50.1346923 ], [ 30.7507696, 50.1350523 ], [ 30.7510328, 50.1350896 ] ] ] } },
{ "type": "Feature", "properties": { "overture_id": "07b1f769-6d8b-4941-8eea-12dad578cc4c", "osm_id": 2271440, "area_m2": 102.12 }, "geometry": { "type": "Polygon", "coordinates": [ [ [ 30.7547484, 50.1300763 ], [ 30.7547308, 50.1300121 ], [ 30.7547647, 50.1300083 ], [ 30.7547567, 50.1299791 ], [ 30.7546786, 50.1299878 ], [ 30.7547041, 50.1300813 ], [ 30.7547484, 50.1300763 ] ] ] } },
{ "type": "Feature", "properties": { "overture_id": "8003b96d-9066-4f4f-b63b-c19c57db7ace", "osm_id": 2271440, "area_m2": 30.08 }, "geometry": { "type": "Polygon", "coordinates": [ [ [ 30.7487178, 50.1339193 ], [ 30.7487618, 50.1339281 ], [ 30.7487775, 50.1338959 ], [ 30.7487334, 50.1338871 ], [ 30.7487178, 50.1339193 ] ] ] } },
{ "type": "Feature", "properties": { "overture_id": "939656c0-b404-488d-af20-24ed5f5a6e2c", "osm_id": 2271440, "area_m2": 25.39 }, "geometry": { "type": "Polygon", "coordinates": [ [ [ 30.7517517, 50.1330774 ], [ 30.7518026, 50.1330774 ], [ 30.7518026, 50.1330516 ], [ 30.7517517, 50.1330516 ], [ 30.7517517, 50.1330774 ] ] ] } },
{ "type": "Feature", "properties": { "overture_id": "c120cdb8-81e7-483e-a818-3e203cb8a2d5", "osm_id": 2271440, "area_m2": 35.05 }, "geometry": { "type": "Polygon", "coordinates": [ [ [ 30.7469143, 50.1331318 ], [ 30.746833, 50.1331238 ], [ 30.7468278, 50.1331456 ], [ 30.746909, 50.1331536 ], [ 30.7469143, 50.1331318 ] ] ] } },
{ "type": "Feature", "properties": { "overture_id": "d926f1a2-3337-4359-bebb-e01d2b3fb24d", "osm_id": 2271440, "area_m2": 1235.92 }, "geometry": { "type": "Polygon", "coordinates": [ [ [ 30.7420775, 50.1344948 ], [ 30.7419171, 50.1344711 ], [ 30.7419159, 50.1344743 ], [ 30.7416164, 50.1344299 ], [ 30.7415999, 50.1344756 ], [ 30.7415541, 50.1344688 ], [ 30.7415262, 50.1345462 ], [ 30.7420319, 50.1346212 ], [ 30.7420775, 50.1344948 ] ] ] } },
{ "type": "Feature", "properties": { "overture_id": "1ff245fe-18ed-415e-949e-a17c55c67edc", "osm_id": 2271440, "area_m2": 173.73 }, "geometry": { "type": "Polygon", "coordinates": [ [ [ 30.7453622, 50.1316996 ], [ 30.745391, 50.1316418 ], [ 30.7452497, 50.131613 ], [ 30.745221, 50.1316707 ], [ 30.7453622, 50.1316996 ] ] ] } },
{ "type": "Feature", "properties": { "overture_id": "f869b37c-257e-4ff1-b9cc-fd4ec0edf620", "osm_id": 2271440, "area_m2": 786.72 }, "geometry": { "type": "Polygon", "coordinates": [ [ [ 30.7472738, 50.1334051 ], [ 30.7467357, 50.1333346 ], [ 30.7467126, 50.1334072 ], [ 30.7472507, 50.1334777 ], [ 30.7472738, 50.1334051 ] ] ] } },
{ "type": "Feature", "properties": { "overture_id": "7b4de38a-c730-4f55-8432-5c6a3eab22c9", "osm_id": 2271440, "area_m2": 86.13 }, "geometry": { "type": "Polygon", "coordinates": [ [ [ 30.7545603, 50.1302075 ], [ 30.7546439, 50.1302016 ], [ 30.7546348, 50.1301489 ], [ 30.7545512, 50.1301549 ], [ 30.7545603, 50.1302075 ] ] ] } },
{ "type": "Feature", "properties": { "overture_id": "113f392a-9e9f-4cd4-983f-e300e31e83dc", "osm_id": 2271440, "area_m2": 25.2 }, "geometry": { "type": "Polygon", "coordinates": [ [ [ 30.7506705, 50.1358616 ], [ 30.7506826, 50.1358346 ], [ 30.7506381, 50.1358263 ], [ 30.7506259, 50.1358533 ], [ 30.7506705, 50.1358616 ] ] ] } },
{ "type": "Feature", "properties": { "overture_id": "8ebf6306-6094-4a39-8a90-8742e4d5cbff", "osm_id": 2271440, "area_m2": 220.56 }, "geometry": { "type": "Polygon", "coordinates": [ [ [ 30.7463197, 50.1320012 ], [ 30.7461579, 50.131987 ], [ 30.7461431, 50.1320562 ], [ 30.746305, 50.1320704 ], [ 30.7463197, 50.1320012 ] ] ] } },
{ "type": "Feature", "properties": { "overture_id": "460780fb-b0a4-49d6-805f-d5d25aa0a3bf", "osm_id": 2271440, "area_m2": 128.75 }, "geometry": { "type": "Polygon", "coordinates": [ [ [ 30.7518415, 50.1358687 ], [ 30.7518589, 50.1358142 ], [ 30.7517416, 50.1357988 ], [ 30.7517241, 50.1358532 ], [ 30.7518415, 50.1358687 ] ] ] } },
{ "type": "Feature", "properties": { "overture_id": "889e95df-d0c3-48b4-a200-56b5f7b81160", "osm_id": 2271440, "area_m2": 1017.85 }, "geometry": { "type": "Polygon", "coordinates": [ [ [ 30.7539638, 50.1329196 ], [ 30.7543466, 50.1326948 ], [ 30.7542397, 50.13262 ], [ 30.7538569, 50.1328449 ], [ 30.7539638, 50.1329196 ] ] ] } },
{ "type": "Feature", "properties": { "overture_id": "15d65f1e-771d-4070-87f5-15a2a32f6b97", "osm_id": 2271440, "area_m2": 739.85 }, "geometry": { "type": "Polygon", "coordinates": [ [ [ 30.7430771, 50.13196 ], [ 30.7434744, 50.1320206 ], [ 30.7435083, 50.1319295 ], [ 30.7431109, 50.1318688 ], [ 30.7430771, 50.13196 ] ] ] } },
{ "type": "Feature", "properties": { "overture_id": "23789c88-93d3-449c-a6c7-926ffee751d2", "osm_id": 2271440, "area_m2": 1149.53 }, "geometry": { "type": "Polygon", "coordinates": [ [ [ 30.748968, 50.1353174 ], [ 30.7489269, 50.1353131 ], [ 30.7489197, 50.1353412 ], [ 30.7489431, 50.1353629 ], [ 30.7488596, 50.1353542 ], [ 30.7488404, 50.1353364 ], [ 30.7488348, 50.1353584 ], [ 30.7488128, 50.1353682 ], [ 30.74875, 50.1353616 ], [ 30.7486213, 50.1354185 ], [ 30.7485964, 50.1354159 ], [ 30.7485953, 50.1354204 ], [ 30.7485661, 50.1354333 ], [ 30.7485347, 50.1354301 ], [ 30.748475, 50.1354564 ], [ 30.7488958, 50.1355007 ], [ 30.7489002, 50.1354987 ], [ 30.7489495, 50.1355039 ], [ 30.748954, 50.1354862 ], [ 30.7490217, 50.1354563 ], [ 30.7490634, 50.1352931 ], [ 30.7490308, 50.1352896 ], [ 30.748968, 50.1353174 ] ] ] } },
{ "type": "Feature", "properties": { "overture_id": "6976be70-d24f-4972-a6bc-45333389c93e", "osm_id": 2271440, "area_m2": 41.13 }, "geometry": { "type": "Polygon", "coordinates": [ [ [ 30.7496027, 50.1339971 ], [ 30.7496145, 50.1339726 ], [ 30.7495353, 50.1339569 ], [ 30.7495234, 50.1339814 ], [ 30.7496027, 50.1339971 ] ] ] } },
{ "type": "Feature", "properties": { "overture_id": "2272b35c-5a75-49af-b11a-07db39c02d33", "osm_id": 2271440, "area_m2": 44.73 }, "geometry": { "type": "Polygon", "coordinates": [ [ [ 30.758432, 50.1323071 ], [ 30.7584868, 50.1323131 ], [ 30.7584976, 50.132272 ], [ 30.7584428, 50.1322661 ], [ 30.758432, 50.1323071 ] ] ] } },
{ "type": "Feature", "properties": { "overture_id": "8e82c556-f83a-4f4f-ac03-90c659415512", "osm_id": 2271440, "area_m2": 215.32 }, "geometry": { "type": "Polygon", "coordinates": [ [ [ 30.7528032, 50.1312875 ], [ 30.75283, 50.1313673 ], [ 30.7527826, 50.1313738 ], [ 30.7527892, 50.1313936 ], [ 30.7529341, 50.1313736 ], [ 30.7529007, 50.131274 ], [ 30.7528032, 50.1312875 ] ] ] } },
{ "type": "Feature", "properties": { "overture_id": "99df705b-6561-4d3e-a546-7915ae1d6c63", "osm_id": 2271440, "area_m2": 250.76 }, "geometry": { "type": "Polygon", "coordinates": [ [ [ 30.7516271, 50.1347194 ], [ 30.751863, 50.1347237 ], [ 30.7518654, 50.1346688 ], [ 30.7516296, 50.1346644 ], [ 30.7516271, 50.1347194 ] ] ] } },
{ "type": "Feature", "properties": { "overture_id": "f01191d6-fe50-435b-9ce7-d4037ac60c1a", "osm_id": 2271440, "area_m2": 24.38 }, "geometry": { "type": "Polygon", "coordinates": [ [ [ 30.7424395, 50.134742 ], [ 30.7424793, 50.1347492 ], [ 30.7424921, 50.1347198 ], [ 30.7424524, 50.1347126 ], [ 30.7424395, 50.134742 ] ] ] } },
{ "type": "Feature", "properties": { "overture_id": "fc10fcfb-5755-4f50-8c86-bf6e8bfd16f5", "osm_id": 2271440, "area_m2": 44.72 }, "geometry": { "type": "Polygon", "coordinates": [ [ [ 30.754294, 50.132045 ], [ 30.7543457, 50.1320574 ], [ 30.7543687, 50.1320182 ], [ 30.7543169, 50.1320058 ], [ 30.754294, 50.132045 ] ] ] } },
{ "type": "Feature", "properties": { "overture_id": "d3194a5b-5e39-4916-8f9c-8348ed533121", "osm_id": 2271440, "area_m2": 35.6 }, "geometry": { "type": "Polygon", "coordinates": [ [ [ 30.7564664, 50.1355081 ], [ 30.75641, 50.1355003 ], [ 30.7563995, 50.1355315 ], [ 30.7564559, 50.1355393 ], [ 30.7564664, 50.1355081 ] ] ] } },
{ "type": "Feature", "properties": { "overture_id": "23139f32-aeec-4994-9e3c-bed10dac93c7", "osm_id": 2271440, "area_m2": 44.26 }, "geometry": { "type": "Polygon", "coordinates": [ [ [ 30.7503501, 50.1361014 ], [ 30.7503773, 50.136048 ], [ 30.7503386, 50.1360399 ], [ 30.7503113, 50.1360932 ], [ 30.7503501, 50.1361014 ] ] ] } },
{ "type": "Feature", "properties": { "overture_id": "8203e9d1-7b12-4b08-ad71-98d8442912ea", "osm_id": 2271440, "area_m2": 77628.89 }, "geometry": { "type": "Polygon", "coordinates": [ [ [ 30.7488967, 50.1346084 ], [ 30.7443099, 50.1338371 ], [ 30.7439843, 50.1346629 ], [ 30.7485286, 50.1354251 ], [ 30.7488967, 50.1346084 ] ] ] } },
{ "type": "Feature", "properties": { "overture_id": "3ada39ae-3d8d-487c-981c-b69cfe9e69c0", "osm_id": 2271440, "area_m2": 59.07 }, "geometry": { "type": "Polygon", "coordinates": [ [ [ 30.7546454, 50.1298635 ], [ 30.7546644, 50.1299121 ], [ 30.7547236, 50.1299025 ], [ 30.7547046, 50.129854 ], [ 30.7546454, 50.1298635 ] ] ] } },
{ "type": "Feature", "properties": { "overture_id": "660854d8-0984-4e8d-b114-1c314193407b", "osm_id": 2271440, "area_m2": 117.01 }, "geometry": { "type": "Polygon", "coordinates": [ [ [ 30.7477255, 50.133848 ], [ 30.7478144, 50.1338615 ], [ 30.7478382, 50.133797 ], [ 30.7477492, 50.1337836 ], [ 30.7477255, 50.133848 ] ] ] } },
{ "type": "Feature", "properties": { "overture_id": "843d305f-2621-4802-89a1-e25e3efad116", "osm_id": 2271440, "area_m2": 53.13 }, "geometry": { "type": "Polygon", "coordinates": [ [ [ 30.7507891, 50.1342641 ], [ 30.7507328, 50.1342635 ], [ 30.7507315, 50.1343123 ], [ 30.7507878, 50.1343129 ], [ 30.7507891, 50.1342641 ] ] ] } },
{ "type": "Feature", "properties": { "overture_id": "c29b998a-0d83-4b74-a9bc-128cb72c0d89", "osm_id": 2271440, "area_m2": 77.96 }, "geometry": { "type": "Polygon", "coordinates": [ [ [ 30.7513972, 50.1334234 ], [ 30.7514116, 50.1333832 ], [ 30.7513164, 50.1333691 ], [ 30.7513019, 50.1334093 ], [ 30.7513972, 50.1334234 ] ] ] } },
{ "type": "Feature", "properties": { "overture_id": "de5fae7e-4e09-46df-9c48-1ee43eff70f1", "osm_id": 2271440, "area_m2": 483.26 }, "geometry": { "type": "Polygon", "coordinates": [ [ [ 30.7513726, 50.134427 ], [ 30.7514379, 50.1344338 ], [ 30.7514248, 50.1344857 ], [ 30.7514666, 50.1344901 ], [ 30.7514522, 50.134547 ], [ 30.7516639, 50.134569 ], [ 30.7516813, 50.1345003 ], [ 30.7514644, 50.1344778 ], [ 30.751494, 50.1343605 ], [ 30.7513921, 50.13435 ], [ 30.7513726, 50.134427 ] ] ] } },
{ "type": "Feature", "properties": { "overture_id": "3613f513-75a1-4645-a31b-74fb357f49a1", "osm_id": 2271440, "area_m2": 3245.59 }, "geometry": { "type": "Polygon", "coordinates": [ [ [ 30.7544431, 50.1344136 ], [ 30.7543358, 50.1343951 ], [ 30.7542011, 50.1347174 ], [ 30.7543057, 50.1347354 ], [ 30.7545723, 50.1347812 ], [ 30.7546871, 50.1348009 ], [ 30.7548218, 50.1344786 ], [ 30.754689, 50.1344558 ], [ 30.7544431, 50.1344136 ] ] ] } },
{ "type": "Feature", "properties": { "overture_id": "7b6c495e-0fb0-4c20-8a48-1b8ea22ebb93", "osm_id": 2271440, "area_m2": 1714.87 }, "geometry": { "type": "Polygon", "coordinates": [ [ [ 30.7442312, 50.1328239 ], [ 30.7442993, 50.1328328 ], [ 30.7442521, 50.1329814 ], [ 30.7444519, 50.1330074 ], [ 30.7445648, 50.1326516 ], [ 30.744297, 50.1326167 ], [ 30.7442312, 50.1328239 ] ] ] } },
{ "type": "Feature", "properties": { "overture_id": "da4a01cd-a7b4-49dd-9fad-aea8ba24d76d", "osm_id": 2271440, "area_m2": 155.37 }, "geometry": { "type": "Polygon", "coordinates": [ [ [ 30.7445962, 50.1319327 ], [ 30.744508, 50.1319361 ], [ 30.7445164, 50.1320269 ], [ 30.7446046, 50.1320235 ], [ 30.7445962, 50.1319327 ] ] ] } },
{ "type": "Feature", "properties": { "overture_id": "a84d3ee4-7df2-4d2e-8055-bae26c412581", "osm_id": 2271440, "area_m2": 112.25 }, "geometry": { "type": "Polygon", "coordinates": [ [ [ 30.7572058, 50.134332 ], [ 30.7571018, 50.1343221 ], [ 30.7570909, 50.1343692 ], [ 30.75725, 50.1343843 ], [ 30.7572533, 50.1343701 ], [ 30.7571982, 50.1343648 ], [ 30.7572058, 50.134332 ] ] ] } },
{ "type": "Feature", "properties": { "overture_id": "7a7b7c2a-90c1-4d78-8a50-89eda3ac416a", "osm_id": 2271440, "area_m2": 145.48 }, "geometry": { "type": "Polygon", "coordinates": [ [ [ 30.7443289, 50.1335818 ], [ 30.7443431, 50.1335221 ], [ 30.7442199, 50.1335101 ], [ 30.7442057, 50.1335698 ], [ 30.7443289, 50.1335818 ] ] ] } },
{ "type": "Feature", "properties": { "overture_id": "e7edae38-66c0-4a99-b6d7-bb35629b377f", "osm_id": 2271440, "area_m2": 438.25 }, "geometry": { "type": "Polygon", "coordinates": [ [ [ 30.7526257, 50.1302356 ], [ 30.7525999, 50.1301494 ], [ 30.7523464, 50.1301805 ], [ 30.7523721, 50.1302668 ], [ 30.7526257, 50.1302356 ] ] ] } },
{ "type": "Feature", "properties": { "overture_id": "512d2ed1-125b-4d86-9322-cac54544747d", "osm_id": 2271440, "area_m2": 237.62 }, "geometry": { "type": "Polygon", "coordinates": [ [ [ 30.752781, 50.1312859 ], [ 30.752734, 50.1311924 ], [ 30.7526149, 50.131217 ], [ 30.7526619, 50.1313105 ], [ 30.752781, 50.1312859 ] ] ] } },
{ "type": "Feature", "properties": { "overture_id": "31cfd26d-0660-47c1-b68d-2456047f98a8", "osm_id": 2271440, "area_m2": 649.74 }, "geometry": { "type": "Polygon", "coordinates": [ [ [ 30.7511993, 50.133307 ], [ 30.7508083, 50.1332498 ], [ 30.7507792, 50.1333315 ], [ 30.7511702, 50.1333887 ], [ 30.7511993, 50.133307 ] ] ] } },
{ "type": "Feature", "properties": { "overture_id": "ff81b155-2779-4030-b28e-ec226aacce49", "osm_id": 2271440, "area_m2": 1045.57 }, "geometry": { "type": "Polygon", "coordinates": [ [ [ 30.7528898, 50.1311898 ], [ 30.7527661, 50.1308199 ], [ 30.7526263, 50.1308391 ], [ 30.75275, 50.131209 ], [ 30.7528898, 50.1311898 ] ] ] } },
{ "type": "Feature", "properties": { "overture_id": "d177ea67-a8a9-4197-96cd-de52df95d29b", "osm_id": 86492178, "area_m2": 689.75 }, "geometry": { "type": "Polygon", "coordinates": [ [ [ 36.108812, 49.9702384 ], [ 36.1088101, 49.9702656 ], [ 36.1088215, 49.9702918 ], [ 36.1088449, 49.9703144 ], [ 36.1088782, 49.9703312 ], [ 36.108918, 49.9703405 ], [ 36.1089582, 49.9703416 ], [ 36.108997, 49.9703349 ], [ 36.1090311, 49.9703212 ], [ 36.1090573, 49.9703015 ], [ 36.1090732, 49.9702778 ], [ 36.1090775, 49.9702521 ], [ 36.1090698, 49.9702267 ], [ 36.1090507, 49.9702039 ], [ 36.1090186, 49.9701842 ], [ 36.1089782, 49.9701724 ], [ 36.108934, 49.9701697 ], [ 36.1088909, 49.9701763 ], [ 36.1088535, 49.9701917 ], [ 36.1088269, 49.9702129 ], [ 36.108812, 49.9702384 ] ] ] } },
{ "type": "Feature", "properties": { "overture_id": "1bf4c2df-fed7-4b64-bd2f-6a30e3d80a6c", "osm_id": 86492178, "area_m2": 639.69 }, "geometry": { "type": "Polygon", "coordinates": [ [ [ 36.1079143, 49.9720195 ], [ 36.1079142, 49.9720458 ], [ 36.1079269, 49.9720707 ], [ 36.1079511, 49.9720919 ], [ 36.1079843, 49.9721071 ], [ 36.1080233, 49.972115 ], [ 36.1080658, 49.9721144 ], [ 36.1081058, 49.9721049 ], [ 36.1081389, 49.9720877 ], [ 36.1081614, 49.9720644 ], [ 36.1081709, 49.9720377 ], [ 36.1081664, 49.9720105 ], [ 36.1081485, 49.9719857 ], [ 36.108123, 49.971968 ], [ 36.1080907, 49.9719557 ], [ 36.1080543, 49.97195 ], [ 36.1080168, 49.9719511 ], [ 36.1079815, 49.9719592 ], [ 36.1079512, 49.9719735 ], [ 36.107927, 49.9719946 ], [ 36.1079143, 49.9720195 ] ] ] } },
{ "type": "Feature", "properties": { "overture_id": "23480a20-ead3-4666-81b9-a85620227529", "osm_id": 86492178, "area_m2": 639.68 }, "geometry": { "type": "Polygon", "coordinates": [ [ [ 36.107969, 49.9713157 ], [ 36.1079689, 49.971342 ], [ 36.1079816, 49.9713669 ], [ 36.1080058, 49.9713881 ], [ 36.108039, 49.9714033 ], [ 36.108078, 49.9714112 ], [ 36.1081205, 49.9714106 ], [ 36.1081605, 49.9714011 ], [ 36.1081936, 49.9713839 ], [ 36.1082161, 49.9713606 ], [ 36.1082256, 49.9713339 ], [ 36.1082211, 49.9713067 ], [ 36.1082032, 49.9712819 ], [ 36.1081777, 49.9712642 ], [ 36.1081454, 49.9712519 ], [ 36.108109, 49.9712462 ], [ 36.1080715, 49.9712473 ], [ 36.1080362, 49.9712554 ], [ 36.1080059, 49.9712697 ], [ 36.1079817, 49.9712908 ], [ 36.107969, 49.9713157 ] ] ] } },
{ "type": "Feature", "properties": { "overture_id": "3b3fbf02-58e2-4a0b-9e3f-4c854df95315", "osm_id": 86492178, "area_m2": 328.45 }, "geometry": { "type": "Polygon", "coordinates": [ [ [ 36.1109487, 49.9687643 ], [ 36.1109396, 49.9689798 ], [ 36.1110186, 49.9689812 ], [ 36.1110278, 49.9687657 ], [ 36.1109487, 49.9687643 ] ] ] } },
{ "type": "Feature", "properties": { "overture_id": "f9825c59-785b-454e-b223-c556a30eb674", "osm_id": 86492178, "area_m2": 83.94 }, "geometry": { "type": "Polygon", "coordinates": [ [ [ 36.1086318, 49.9693667 ], [ 36.1086746, 49.9693678 ], [ 36.1086805, 49.9692661 ], [ 36.1086377, 49.9692651 ], [ 36.1086318, 49.9693667 ] ] ] } },
{ "type": "Feature", "properties": { "overture_id": "2cdc82e7-8efc-420c-ba9b-9fc5d76ea685", "osm_id": 86492178, "area_m2": 2250.93 }, "geometry": { "type": "Polygon", "coordinates": [ [ [ 36.1142412, 49.9712323 ], [ 36.1142435, 49.9711495 ], [ 36.1142955, 49.9711501 ], [ 36.1143021, 49.9709042 ], [ 36.1139337, 49.9709001 ], [ 36.1139248, 49.9712288 ], [ 36.1142412, 49.9712323 ] ] ] } },
{ "type": "Feature", "properties": { "overture_id": "a4aae059-36ac-403d-99af-040bcf9bd3ae", "osm_id": 86492178, "area_m2": 10178.59 }, "geometry": { "type": "Polygon", "coordinates": [ [ [ 36.1105455, 49.9695045 ], [ 36.1105487, 49.9694629 ], [ 36.1105626, 49.9692775 ], [ 36.1099698, 49.9692591 ], [ 36.1096188, 49.9692481 ], [ 36.1096048, 49.9694336 ], [ 36.1097976, 49.9694396 ], [ 36.1097524, 49.9700412 ], [ 36.1100018, 49.970049 ], [ 36.1100062, 49.9699905 ], [ 36.1102635, 49.9699985 ], [ 36.1102593, 49.9700588 ], [ 36.111184, 49.9700853 ], [ 36.111196, 49.9699123 ], [ 36.1102712, 49.9698859 ], [ 36.1102692, 49.9699157 ], [ 36.1100124, 49.9699077 ], [ 36.1100439, 49.9694889 ], [ 36.1105455, 49.9695045 ] ] ] } },
{ "type": "Feature", "properties": { "overture_id": "53804f45-fd4c-4f73-9a27-0d92f08c9633", "osm_id": 86492178, "area_m2": 1037.19 }, "geometry": { "type": "Polygon", "coordinates": [ [ [ 36.1120385, 49.9699421 ], [ 36.1120463, 49.9698302 ], [ 36.1115659, 49.9698165 ], [ 36.1115582, 49.9699283 ], [ 36.1120385, 49.9699421 ] ] ] } },
{ "type": "Feature", "properties": { "overture_id": "4b06882f-51d4-4000-a9c0-32e397090707", "osm_id": 86492178, "area_m2": 11175.64 }, "geometry": { "type": "Polygon", "coordinates": [ [ [ 36.112658, 49.9710929 ], [ 36.1126508, 49.9711963 ], [ 36.1131637, 49.9712109 ], [ 36.1131782, 49.9710009 ], [ 36.1128628, 49.9709919 ], [ 36.1128846, 49.9706759 ], [ 36.11172, 49.9706426 ], [ 36.1116908, 49.9710653 ], [ 36.112658, 49.9710929 ] ] ] } },
{ "type": "Feature", "properties": { "overture_id": "5b6ba0b3-e766-4253-acdb-a5d84da434a1", "osm_id": 86492178, "area_m2": 83.71 }, "geometry": { "type": "Polygon", "coordinates": [ [ [ 36.111504, 49.9726419 ], [ 36.1115034, 49.9726763 ], [ 36.1116295, 49.9726773 ], [ 36.1116301, 49.9726428 ], [ 36.111504, 49.9726419 ] ] ] } },
{ "type": "Feature", "properties": { "overture_id": "084163aa-dd0b-4b74-aeec-872cc8d7edec", "osm_id": 86492178, "area_m2": 104.08 }, "geometry": { "type": "Polygon", "coordinates": [ [ [ 36.1093019, 49.9687953 ], [ 36.1093783, 49.9687958 ], [ 36.1093794, 49.9687251 ], [ 36.109303, 49.9687246 ], [ 36.1093019, 49.9687953 ] ] ] } },
{ "type": "Feature", "properties": { "overture_id": "862096df-5956-455e-970b-1ea54ea115ee", "osm_id": 86492178, "area_m2": 98.09 }, "geometry": { "type": "Polygon", "coordinates": [ [ [ 36.1192447, 49.9725777 ], [ 36.1193304, 49.9725804 ], [ 36.1193348, 49.9725211 ], [ 36.1192492, 49.9725184 ], [ 36.1192447, 49.9725777 ] ] ] } },
{ "type": "Feature", "properties": { "overture_id": "9b27c715-ea61-4c98-971f-a69e9ca15f8f", "osm_id": 86492178, "area_m2": 93.68 }, "geometry": { "type": "Polygon", "coordinates": [ [ [ 36.115623, 49.9720844 ], [ 36.1156415, 49.9721141 ], [ 36.1157826, 49.9720778 ], [ 36.1157641, 49.9720481 ], [ 36.115623, 49.9720844 ] ] ] } },
{ "type": "Feature", "properties": { "overture_id": "4eb7d014-e346-4cee-8b3f-9042c554ea5d", "osm_id": 86492178, "area_m2": 172.76 }, "geometry": { "type": "Polygon", "coordinates": [ [ [ 36.1180899, 49.9716876 ], [ 36.1179532, 49.9716853 ], [ 36.1179506, 49.9717509 ], [ 36.1180873, 49.9717531 ], [ 36.1180899, 49.9716876 ] ] ] } },
{ "type": "Feature", "properties": { "overture_id": "1958a4ba-946e-4674-bc5d-fad255a68f68", "osm_id": 86492178, "area_m2": 945.85 }, "geometry": { "type": "Polygon", "coordinates": [ [ [ 36.1160427, 49.9715439 ], [ 36.1156886, 49.9715336 ], [ 36.1156788, 49.9716719 ], [ 36.1160329, 49.9716823 ], [ 36.1160427, 49.9715439 ] ] ] } },
{ "type": "Feature", "properties": { "overture_id": "ae19c3f4-1b54-4cd7-8e97-41c9640dcaf7", "osm_id": 86492178, "area_m2": 108.43 }, "geometry": { "type": "Polygon", "coordinates": [ [ [ 36.106086, 49.9712412 ], [ 36.1061879, 49.9712427 ], [ 36.1061899, 49.9711875 ], [ 36.106088, 49.971186 ], [ 36.106086, 49.9712412 ] ] ] } },
{ "type": "Feature", "properties": { "overture_id": "027ce640-a715-43ac-8f53-620e30466c72", "osm_id": 86492178, "area_m2": 165.48 }, "geometry": { "type": "Polygon", "coordinates": [ [ [ 36.1127559, 49.9706376 ], [ 36.1127485, 49.9705613 ], [ 36.1126363, 49.9705659 ], [ 36.1126437, 49.9706421 ], [ 36.1127559, 49.9706376 ] ] ] } },
{ "type": "Feature", "properties": { "overture_id": "ff9746b6-861a-49b9-ba3f-123b9e7cbb5f", "osm_id": 86492178, "area_m2": 66.51 }, "geometry": { "type": "Polygon", "coordinates": [ [ [ 36.106662, 49.9712034 ], [ 36.1065804, 49.9712028 ], [ 36.1065796, 49.9712451 ], [ 36.1066612, 49.9712457 ], [ 36.106662, 49.9712034 ] ] ] } },
{ "type": "Feature", "properties": { "overture_id": "31e5ba14-fa6b-454e-bf6c-436fc1200a44", "osm_id": 86492178, "area_m2": 7373.89 }, "geometry": { "type": "Polygon", "coordinates": [ [ [ 36.1114837, 49.9706162 ], [ 36.1114987, 49.9703987 ], [ 36.1097421, 49.9703485 ], [ 36.1097271, 49.9705659 ], [ 36.1114837, 49.9706162 ] ] ] } },
{ "type": "Feature", "properties": { "overture_id": "955178b7-c4e8-449e-816f-054c02ce3143", "osm_id": 86492178, "area_m2": 672.44 }, "geometry": { "type": "Polygon", "coordinates": [ [ [ 36.1089108, 49.9720114 ], [ 36.1089159, 49.9720421 ], [ 36.1088973, 49.9720434 ], [ 36.1089121, 49.972132 ], [ 36.1091296, 49.972117 ], [ 36.1091148, 49.9720283 ], [ 36.1091413, 49.9720265 ], [ 36.109131, 49.9719651 ], [ 36.1088606, 49.9719838 ], [ 36.1088657, 49.9720145 ], [ 36.1089108, 49.9720114 ] ] ] } },
{ "type": "Feature", "properties": { "overture_id": "3653d97a-203c-4df5-8bc4-f41b4266f2c2", "osm_id": 86492178, "area_m2": 53.68 }, "geometry": { "type": "Polygon", "coordinates": [ [ [ 36.1144524, 49.9726767 ], [ 36.1144222, 49.972666 ], [ 36.1143903, 49.9726746 ], [ 36.1143808, 49.9726959 ], [ 36.1144009, 49.972714 ], [ 36.1144353, 49.9727152 ], [ 36.1144583, 49.9726986 ], [ 36.1144524, 49.9726767 ] ] ] } },
{ "type": "Feature", "properties": { "overture_id": "258c1a40-0e34-43f4-a5c2-e473c20b9d89", "osm_id": 86492178, "area_m2": 45.18 }, "geometry": { "type": "Polygon", "coordinates": [ [ [ 36.1150833, 49.9708653 ], [ 36.1151633, 49.9708755 ], [ 36.115172, 49.9708473 ], [ 36.115092, 49.9708371 ], [ 36.1150833, 49.9708653 ] ] ] } },
{ "type": "Feature", "properties": { "overture_id": "086ebb1e-c761-4f6a-878c-688f935a641e", "osm_id": 86492178, "area_m2": 221.94 }, "geometry": { "type": "Polygon", "coordinates": [ [ [ 36.1153111, 49.9705038 ], [ 36.115173, 49.9704999 ], [ 36.1151673, 49.9705831 ], [ 36.1153054, 49.9705871 ], [ 36.1153111, 49.9705038 ] ] ] } },
{ "type": "Feature", "properties": { "overture_id": "356c9cc9-a04e-4945-85f6-2cf05666487b", "osm_id": 86492178, "area_m2": 491.53 }, "geometry": { "type": "Polygon", "coordinates": [ [ [ 36.113746, 49.97069 ], [ 36.1138506, 49.9706901 ], [ 36.1138512, 49.9704462 ], [ 36.1137466, 49.9704461 ], [ 36.113746, 49.97069 ] ] ] } },
{ "type": "Feature", "properties": { "overture_id": "09730f88-7de5-4df4-9616-d9a87d07eda9", "osm_id": 86492178, "area_m2": 53.73 }, "geometry": { "type": "Polygon", "coordinates": [ [ [ 36.1141146, 49.9726676 ], [ 36.1140843, 49.9726569 ], [ 36.1140524, 49.9726654 ], [ 36.114043, 49.9726868 ], [ 36.114063, 49.9727049 ], [ 36.1140975, 49.9727061 ], [ 36.1141204, 49.9726895 ], [ 36.1141146, 49.9726676 ] ] ] } },
{ "type": "Feature", "properties": { "overture_id": "c185960a-3582-4f0b-9be7-4213307f60ff", "osm_id": 86492178, "area_m2": 54.68 }, "geometry": { "type": "Polygon", "coordinates": [ [ [ 36.1129061, 49.9704787 ], [ 36.1129377, 49.9705228 ], [ 36.1129908, 49.9705071 ], [ 36.1129592, 49.970463 ], [ 36.1129061, 49.9704787 ] ] ] } },
{ "type": "Feature", "properties": { "overture_id": "16d8c272-a86f-4037-bcf7-d0b933fb32c0", "osm_id": 86492178, "area_m2": 1807.85 }, "geometry": { "type": "Polygon", "coordinates": [ [ [ 36.1139193, 49.9704748 ], [ 36.1139235, 49.9706956 ], [ 36.1143484, 49.9706922 ], [ 36.1143442, 49.9704714 ], [ 36.1139193, 49.9704748 ] ] ] } },
{ "type": "Feature", "properties": { "overture_id": "6824fb40-8e1c-477a-acd9-767f9f5a4dc0", "osm_id": 86492178, "area_m2": 9698.29 }, "geometry": { "type": "Polygon", "coordinates": [ [ [ 36.1078258, 49.9720932 ], [ 36.1078486, 49.9717633 ], [ 36.1063256, 49.9717198 ], [ 36.1063028, 49.9720496 ], [ 36.1078258, 49.9720932 ] ] ] } },
{ "type": "Feature", "properties": { "overture_id": "35a865d9-53be-411b-b115-45b4eba118c3", "osm_id": 86492178, "area_m2": 308.36 }, "geometry": { "type": "Polygon", "coordinates": [ [ [ 36.1074874, 49.9712626 ], [ 36.1075705, 49.9712644 ], [ 36.107572, 49.9712351 ], [ 36.1076256, 49.9712363 ], [ 36.1076265, 49.9712191 ], [ 36.1077176, 49.9712211 ], [ 36.1077202, 49.9711719 ], [ 36.1074925, 49.9711669 ], [ 36.1074874, 49.9712626 ] ] ] } },
{ "type": "Feature", "properties": { "overture_id": "09d9ecec-7491-4936-bae3-64a21587f70f", "osm_id": 86492178, "area_m2": 4817.6 }, "geometry": { "type": "Polygon", "coordinates": [ [ [ 36.1183913, 49.9708805 ], [ 36.1183791, 49.9708576 ], [ 36.1183246, 49.9708362 ], [ 36.1183409, 49.9707838 ], [ 36.1183356, 49.9707831 ], [ 36.1182939, 49.9707923 ], [ 36.1182093, 49.9707592 ], [ 36.1180375, 49.970797 ], [ 36.118023, 49.9708122 ], [ 36.1179192, 49.9708351 ], [ 36.1179468, 49.9708869 ], [ 36.1179356, 49.9709229 ], [ 36.1178979, 49.9709312 ], [ 36.1179144, 49.9709621 ], [ 36.1178174, 49.9709834 ], [ 36.1178486, 49.9709957 ], [ 36.1179009, 49.9710024 ], [ 36.1179682, 49.9711288 ], [ 36.1179672, 49.971132 ], [ 36.1180204, 49.971232 ], [ 36.1181338, 49.9712764 ], [ 36.1182416, 49.9712903 ], [ 36.1183862, 49.9712585 ], [ 36.1184378, 49.971204 ], [ 36.1184649, 49.971198 ], [ 36.1185279, 49.9711316 ], [ 36.1185535, 49.9710492 ], [ 36.1184828, 49.9709164 ], [ 36.1183913, 49.9708805 ] ] ] } },
{ "type": "Feature", "properties": { "overture_id": "1cb6b4c2-e833-4d23-ba9c-e84a3acd2c71", "osm_id": 86492178, "area_m2": 28.84 }, "geometry": { "type": "Polygon", "coordinates": [ [ [ 36.1069958, 49.9692216 ], [ 36.1069848, 49.9691877 ], [ 36.1069425, 49.9691934 ], [ 36.1069535, 49.9692273 ], [ 36.1069958, 49.9692216 ] ] ] } },
{ "type": "Feature", "properties": { "overture_id": "a755f851-6f1c-4138-a079-190808a47e08", "osm_id": 86492178, "area_m2": 4318.45 }, "geometry": { "type": "Polygon", "coordinates": [ [ [ 36.1111827, 49.9723843 ], [ 36.1094076, 49.97235 ], [ 36.1094017, 49.9724762 ], [ 36.1111768, 49.9725104 ], [ 36.1111827, 49.9723843 ] ] ] } },
{ "type": "Feature", "properties": { "overture_id": "2e0d373a-c598-4564-9685-8e19a6b6d655", "osm_id": 86492178, "area_m2": 146.23 }, "geometry": { "type": "Polygon", "coordinates": [ [ [ 36.1129001, 49.9705644 ], [ 36.1127901, 49.9705644 ], [ 36.1127901, 49.9706334 ], [ 36.1129001, 49.9706334 ], [ 36.1129001, 49.9705644 ] ] ] } },
{ "type": "Feature", "properties": { "overture_id": "9372bb7f-9a54-484c-98b1-4ec54e67cdf4", "osm_id": 86492178, "area_m2": 191.54 }, "geometry": { "type": "Polygon", "coordinates": [ [ [ 36.1119981, 49.9705521 ], [ 36.111877, 49.9705241 ], [ 36.1118363, 49.9705968 ], [ 36.1119573, 49.9706248 ], [ 36.1119981, 49.9705521 ] ] ] } },
{ "type": "Feature", "properties": { "overture_id": "9b58ce89-e6b7-4f0d-82a5-a29a5e72651b", "osm_id": 86492178, "area_m2": 103.45 }, "geometry": { "type": "Polygon", "coordinates": [ [ [ 36.1063286, 49.9712151 ], [ 36.1063484, 49.9711743 ], [ 36.1062287, 49.9711502 ], [ 36.1062088, 49.9711911 ], [ 36.1063286, 49.9712151 ] ] ] } },
{ "type": "Feature", "properties": { "overture_id": "8eda20ca-8cf3-406e-8653-e050e255875f", "osm_id": 86492178, "area_m2": 53.89 }, "geometry": { "type": "Polygon", "coordinates": [ [ [ 36.1129933, 49.970563 ], [ 36.1129492, 49.9705294 ], [ 36.1129006, 49.9705558 ], [ 36.1129448, 49.9705894 ], [ 36.1129933, 49.970563 ] ] ] } },
{ "type": "Feature", "properties": { "overture_id": "1b406a54-71d4-4cfb-b3b0-8dbb64e298dd", "osm_id": 86492178, "area_m2": 91.88 }, "geometry": { "type": "Polygon", "coordinates": [ [ [ 36.1147072, 49.9691652 ], [ 36.1148026, 49.9691149 ], [ 36.1147645, 49.969085 ], [ 36.1146691, 49.9691353 ], [ 36.1147072, 49.9691652 ] ] ] } },
{ "type": "Feature", "properties": { "overture_id": "11ea75b7-c64e-4917-9c92-2115ab36472a", "osm_id": 86492178, "area_m2": 61.36 }, "geometry": { "type": "Polygon", "coordinates": [ [ [ 36.1073106, 49.9711654 ], [ 36.1073125, 49.9711258 ], [ 36.1072321, 49.9711242 ], [ 36.1072303, 49.9711638 ], [ 36.1073106, 49.9711654 ] ] ] } },
{ "type": "Feature", "properties": { "overture_id": "602ac8bf-0e56-41b3-866b-dfdd5f56a36f", "osm_id": 86492178, "area_m2": 9728.57 }, "geometry": { "type": "Polygon", "coordinates": [ [ [ 36.1144262, 49.9693178 ], [ 36.1143463, 49.9692508 ], [ 36.1142422, 49.9691994 ], [ 36.1141209, 49.9691671 ], [ 36.1139908, 49.9691561 ], [ 36.1138607, 49.9691671 ], [ 36.1137394, 49.9691994 ], [ 36.1136353, 49.9692508 ], [ 36.1135554, 49.9693178 ], [ 36.1135051, 49.9693957 ], [ 36.113488, 49.9694794 ], [ 36.1135051, 49.9695631 ], [ 36.1135554, 49.9696411 ], [ 36.1136353, 49.9697081 ], [ 36.1137394, 49.9697595 ], [ 36.1138607, 49.9697918 ], [ 36.1139908, 49.9698028 ], [ 36.1141209, 49.9697918 ], [ 36.1142422, 49.9697595 ], [ 36.1143463, 49.9697081 ], [ 36.1144262, 49.9696411 ], [ 36.1144765, 49.9695631 ], [ 36.1144936, 49.9694794 ], [ 36.1144765, 49.9693957 ], [ 36.1144262, 49.9693178 ] ] ] } },
{ "type": "Feature", "properties": { "overture_id": "28e32039-95d5-4d52-9ce6-8fcf41f7e5c1", "osm_id": 86492178, "area_m2": 38.1 }, "geometry": { "type": "Polygon", "coordinates": [ [ [ 36.1163178, 49.9713554 ], [ 36.1162658, 49.9713374 ], [ 36.1162411, 49.9713668 ], [ 36.1162931, 49.9713849 ], [ 36.1163178, 49.9713554 ] ] ] } },
{ "type": "Feature", "properties": { "overture_id": "6b7bba01-5ea7-44e4-924b-74bbfd082187", "osm_id": 86492178, "area_m2": 88.03 }, "geometry": { "type": "Polygon", "coordinates": [ [ [ 36.10737, 49.9716279 ], [ 36.1073137, 49.971627 ], [ 36.1073105, 49.9717081 ], [ 36.1073668, 49.971709 ], [ 36.10737, 49.9716279 ] ] ] } },
{ "type": "Feature", "properties": { "overture_id": "3cefecf6-837e-43c5-be22-248e2b146787", "osm_id": 86492178, "area_m2": 200.12 }, "geometry": { "type": "Polygon", "coordinates": [ [ [ 36.1130598, 49.9706179 ], [ 36.1131673, 49.9705864 ], [ 36.1131105, 49.9705064 ], [ 36.113003, 49.970538 ], [ 36.1130598, 49.9706179 ] ] ] } },
{ "type": "Feature", "properties": { "overture_id": "42513949-fd8c-48bd-936e-952aefce3b02", "osm_id": 86492178, "area_m2": 639.69 }, "geometry": { "type": "Polygon", "coordinates": [ [ [ 36.1079331, 49.9718418 ], [ 36.107933, 49.9718681 ], [ 36.1079457, 49.971893 ], [ 36.1079699, 49.9719142 ], [ 36.1080031, 49.9719294 ], [ 36.1080421, 49.9719373 ], [ 36.1080846, 49.9719367 ], [ 36.1081246, 49.9719272 ], [ 36.1081577, 49.97191 ], [ 36.1081802, 49.9718867 ], [ 36.1081897, 49.97186 ], [ 36.1081852, 49.9718328 ], [ 36.1081673, 49.971808 ], [ 36.1081418, 49.9717903 ], [ 36.1081095, 49.971778 ], [ 36.1080731, 49.9717723 ], [ 36.1080356, 49.9717734 ], [ 36.1080003, 49.9717815 ], [ 36.10797, 49.9717958 ], [ 36.1079458, 49.9718169 ], [ 36.1079331, 49.9718418 ] ] ] } },
{ "type": "Feature", "properties": { "overture_id": "e9bb2d8f-5ab9-4fce-b29b-290681910ad0", "osm_id": 86492178, "area_m2": 639.69 }, "geometry": { "type": "Polygon", "coordinates": [ [ [ 36.1079573, 49.9716624 ], [ 36.1079572, 49.9716887 ], [ 36.1079699, 49.9717136 ], [ 36.1079941, 49.9717348 ], [ 36.1080273, 49.97175 ], [ 36.1080663, 49.9717579 ], [ 36.1081088, 49.9717573 ], [ 36.1081488, 49.9717478 ], [ 36.1081819, 49.9717306 ], [ 36.1082044, 49.9717073 ], [ 36.1082139, 49.9716806 ], [ 36.1082094, 49.9716534 ], [ 36.1081915, 49.9716286 ], [ 36.108166, 49.9716109 ], [ 36.1081337, 49.9715986 ], [ 36.1080973, 49.9715929 ], [ 36.1080598, 49.971594 ], [ 36.1080245, 49.9716021 ], [ 36.1079942, 49.9716164 ], [ 36.10797, 49.9716375 ], [ 36.1079573, 49.9716624 ] ] ] } },
{ "type": "Feature", "properties": { "overture_id": "19eaf28f-6bb0-41c4-a1d7-b547d949b916", "osm_id": 86492178, "area_m2": 58.94 }, "geometry": { "type": "Polygon", "coordinates": [ [ [ 36.1142878, 49.9712229 ], [ 36.114289, 49.971147 ], [ 36.1142487, 49.9711468 ], [ 36.1142475, 49.9712227 ], [ 36.1142878, 49.9712229 ] ] ] } },
{ "type": "Feature", "properties": { "overture_id": "0a4b66cf-5a99-492a-936c-737e74d9ac00", "osm_id": 86492178, "area_m2": 477.5 }, "geometry": { "type": "Polygon", "coordinates": [ [ [ 36.1150772, 49.9727138 ], [ 36.1152951, 49.9727181 ], [ 36.115445, 49.972721 ], [ 36.1154482, 49.9726537 ], [ 36.1150804, 49.9726465 ], [ 36.1150772, 49.9727138 ] ] ] } },
{ "type": "Feature", "properties": { "overture_id": "b91b67a3-b7c8-4b36-be97-c116f9691a4d", "osm_id": 86492178, "area_m2": 576.36 }, "geometry": { "type": "Polygon", "coordinates": [ [ [ 36.1090677, 49.9712339 ], [ 36.1087861, 49.9712309 ], [ 36.1087833, 49.9713371 ], [ 36.1090649, 49.9713401 ], [ 36.1090677, 49.9712339 ] ] ] } },
{ "type": "Feature", "properties": { "overture_id": "6b4cc80b-464b-47da-ba8c-dd6fdacf547c", "osm_id": 86492178, "area_m2": 1034.88 }, "geometry": { "type": "Polygon", "coordinates": [ [ [ 36.1122528, 49.9704684 ], [ 36.1122041, 49.9704676 ], [ 36.1121753, 49.9704137 ], [ 36.1121185, 49.9704128 ], [ 36.1121054, 49.9703884 ], [ 36.1120935, 49.9703882 ], [ 36.1120426, 49.9703994 ], [ 36.1120281, 49.9703992 ], [ 36.1119569, 49.9704149 ], [ 36.111955, 49.9704631 ], [ 36.1119356, 49.970427 ], [ 36.1118063, 49.9704249 ], [ 36.1118042, 49.9704771 ], [ 36.1118095, 49.970487 ], [ 36.1118321, 49.9704874 ], [ 36.1118768, 49.9704775 ], [ 36.1118872, 49.9704969 ], [ 36.1119348, 49.9704977 ], [ 36.1119371, 49.9704398 ], [ 36.1119621, 49.9704865 ], [ 36.1119617, 49.9704958 ], [ 36.112002, 49.9705713 ], [ 36.1120606, 49.9705722 ], [ 36.1120598, 49.9705912 ], [ 36.1120862, 49.9705916 ], [ 36.1122169, 49.9705627 ], [ 36.1122594, 49.9705634 ], [ 36.1122625, 49.9704865 ], [ 36.1122528, 49.9704684 ] ] ] } },
{ "type": "Feature", "properties": { "overture_id": "d7f94cf0-7956-4203-8bc9-1f0b85191269", "osm_id": 86492178, "area_m2": 2207.29 }, "geometry": { "type": "Polygon", "coordinates": [ [ [ 36.110183, 49.972676 ], [ 36.1111601, 49.9727048 ], [ 36.1111684, 49.9725878 ], [ 36.1101913, 49.972559 ], [ 36.110183, 49.972676 ] ] ] } },
{ "type": "Feature", "properties": { "overture_id": "886451bf-170e-4dff-925b-3f3d9a4a2ed1", "osm_id": 86492178, "area_m2": 131.45 }, "geometry": { "type": "Polygon", "coordinates": [ [ [ 36.112605, 49.9705627 ], [ 36.1125085, 49.9705627 ], [ 36.1125085, 49.9706334 ], [ 36.112605, 49.9706334 ], [ 36.112605, 49.9705627 ] ] ] } },
{ "type": "Feature", "properties": { "overture_id": "a42169ef-61e0-48d6-9c3e-fccccfc4edb0", "osm_id": 86492178, "area_m2": 5861.66 }, "geometry": { "type": "Polygon", "coordinates": [ [ [ 36.1151732, 49.9714619 ], [ 36.1144887, 49.9714319 ], [ 36.1144418, 49.9718743 ], [ 36.1151263, 49.9719043 ], [ 36.1151732, 49.9714619 ] ] ] } },
{ "type": "Feature", "properties": { "overture_id": "63cc7c2a-81f7-4fe1-b07b-a450ada007e6", "osm_id": 86492178, "area_m2": 860.58 }, "geometry": { "type": "Polygon", "coordinates": [ [ [ 36.1094038, 49.9726487 ], [ 36.1098322, 49.9726595 ], [ 36.1098385, 49.9725554 ], [ 36.1094101, 49.9725446 ], [ 36.1094038, 49.9726487 ] ] ] } },
{ "type": "Feature", "properties": { "overture_id": "db28d0b6-029c-4951-8d09-23501aeab8c3", "osm_id": 86492178, "area_m2": 6088.5 }, "geometry": { "type": "Polygon", "coordinates": [ [ [ 36.1194572, 49.9708973 ], [ 36.1194383, 49.970889 ], [ 36.1193287, 49.9708908 ], [ 36.1192877, 49.9708728 ], [ 36.119269, 49.9708461 ], [ 36.1192365, 49.9708555 ], [ 36.1191661, 49.9708246 ], [ 36.1190818, 49.970826 ], [ 36.1189495, 49.9708642 ], [ 36.1189509, 49.970899 ], [ 36.1188295, 49.9710133 ], [ 36.1188377, 49.9712165 ], [ 36.1188808, 49.9712158 ], [ 36.1189138, 49.9712631 ], [ 36.1191152, 49.9713516 ], [ 36.1191925, 49.9713503 ], [ 36.1193383, 49.9713082 ], [ 36.119402, 49.9713071 ], [ 36.1194012, 49.9712883 ], [ 36.1194509, 49.9712739 ], [ 36.1194353, 49.9712517 ], [ 36.1194701, 49.971267 ], [ 36.1194712, 49.9712953 ], [ 36.119521, 49.9712485 ], [ 36.1195636, 49.9712362 ], [ 36.1196118, 49.9711908 ], [ 36.1196062, 49.9710524 ], [ 36.1195863, 49.9710239 ], [ 36.1195826, 49.9709335 ], [ 36.1194988, 49.9708966 ], [ 36.1194572, 49.9708973 ] ] ] } },
{ "type": "Feature", "properties": { "overture_id": "cddb4e30-9a6f-4799-9039-a825a62fa935", "osm_id": 86492178, "area_m2": 49199.03 }, "geometry": { "type": "Polygon", "coordinates": [ [ [ 36.1065621, 49.96931 ], [ 36.106002, 49.9692944 ], [ 36.1059275, 49.9702844 ], [ 36.1071374, 49.9703221 ], [ 36.1071648, 49.9699574 ], [ 36.107491, 49.9699676 ], [ 36.1074713, 49.9702295 ], [ 36.1086583, 49.9702665 ], [ 36.1086781, 49.9700045 ], [ 36.1087659, 49.9700073 ], [ 36.1088217, 49.970009 ], [ 36.1088326, 49.9698633 ], [ 36.1088687, 49.9693836 ], [ 36.1086492, 49.9693765 ], [ 36.1065621, 49.96931 ] ] ] } },
{ "type": "Feature", "properties": { "overture_id": "4e237de7-0fbf-4da5-97e2-d770ae39e7ec", "osm_id": 86492178, "area_m2": 5057.71 }, "geometry": { "type": "Polygon", "coordinates": [ [ [ 36.1084834, 49.9723212 ], [ 36.1084916, 49.9722025 ], [ 36.1062845, 49.9721394 ], [ 36.1062763, 49.9722581 ], [ 36.1084834, 49.9723212 ] ] ] } },
{ "type": "Feature", "properties": { "overture_id": "71606da4-9104-493a-8e6f-0a415e763ad0", "osm_id": 86492178, "area_m2": 2113.45 }, "geometry": { "type": "Polygon", "coordinates": [ [ [ 36.1114559, 49.9686949 ], [ 36.1112839, 49.9686908 ], [ 36.1112478, 49.9693279 ], [ 36.1114197, 49.969332 ], [ 36.1114559, 49.9686949 ] ] ] } },
{ "type": "Feature", "properties": { "overture_id": "d78aa991-af37-4637-a34b-1ddc824086f6", "osm_id": 86492178, "area_m2": 86.4 }, "geometry": { "type": "Polygon", "coordinates": [ [ [ 36.1152057, 49.9712098 ], [ 36.115123, 49.9712057 ], [ 36.1151164, 49.9712596 ], [ 36.1151991, 49.9712637 ], [ 36.1152057, 49.9712098 ] ] ] } },
{ "type": "Feature", "properties": { "overture_id": "20b91612-74db-4c26-8496-d2ce84ca4b1c", "osm_id": 86492178, "area_m2": 700.95 }, "geometry": { "type": "Polygon", "coordinates": [ [ [ 36.1190099, 49.9725856 ], [ 36.1186657, 49.972579 ], [ 36.1186608, 49.9726846 ], [ 36.119005, 49.9726912 ], [ 36.1190099, 49.9725856 ] ] ] } },
{ "type": "Feature", "properties": { "overture_id": "75e9c430-096a-45bd-b3ed-a145290129c9", "osm_id": 86492178, "area_m2": 31.1 }, "geometry": { "type": "Polygon", "coordinates": [ [ [ 36.1163224, 49.9724973 ], [ 36.1163974, 49.9724983 ], [ 36.1163981, 49.9724768 ], [ 36.116323, 49.9724758 ], [ 36.1163224, 49.9724973 ] ] ] } },
{ "type": "Feature", "properties": { "overture_id": "a380d58b-e8d1-461a-a130-19ca53c3984d", "osm_id": 86492178, "area_m2": 117.69 }, "geometry": { "type": "Polygon", "coordinates": [ [ [ 36.1165932, 49.9724983 ], [ 36.1167577, 49.9725014 ], [ 36.1167594, 49.9724643 ], [ 36.1165949, 49.9724612 ], [ 36.1165932, 49.9724983 ] ] ] } },
{ "type": "Feature", "properties": { "overture_id": "f0f11792-1ce0-4933-915b-ab9201c5c2ea", "osm_id": 86492178, "area_m2": 3414.3 }, "geometry": { "type": "Polygon", "coordinates": [ [ [ 36.116575, 49.9705864 ], [ 36.1163011, 49.9705786 ], [ 36.1162564, 49.9712242 ], [ 36.1165304, 49.971232 ], [ 36.116575, 49.9705864 ] ] ] } },
{ "type": "Feature", "properties": { "overture_id": "861050ff-6d16-4dd8-9155-de915a6ac918", "osm_id": 86492178, "area_m2": 53.66 }, "geometry": { "type": "Polygon", "coordinates": [ [ [ 36.1142284, 49.9726715 ], [ 36.1141982, 49.9726608 ], [ 36.1141663, 49.9726694 ], [ 36.1141569, 49.9726907 ], [ 36.1141769, 49.9727088 ], [ 36.1142114, 49.97271 ], [ 36.1142343, 49.9726934 ], [ 36.1142284, 49.9726715 ] ] ] } },
{ "type": "Feature", "properties": { "overture_id": "750e3e68-c216-4f00-b8c5-7be232342d04", "osm_id": 86492178, "area_m2": 312.05 }, "geometry": { "type": "Polygon", "coordinates": [ [ [ 36.1128641, 49.9705346 ], [ 36.1128749, 49.9704639 ], [ 36.1127793, 49.9704578 ], [ 36.1127775, 49.9704698 ], [ 36.1126405, 49.9704611 ], [ 36.11263, 49.9705294 ], [ 36.112759, 49.9705376 ], [ 36.1127605, 49.970528 ], [ 36.1128641, 49.9705346 ] ] ] } },
{ "type": "Feature", "properties": { "overture_id": "931ae164-96e2-4d7c-a93c-586a302691cd", "osm_id": 86492178, "area_m2": 9728.83 }, "geometry": { "type": "Polygon", "coordinates": [ [ [ 36.1130237, 49.9692451 ], [ 36.1129438, 49.9691781 ], [ 36.1128397, 49.9691267 ], [ 36.1127184, 49.9690944 ], [ 36.1125883, 49.9690834 ], [ 36.1124581, 49.9690944 ], [ 36.1123369, 49.9691267 ], [ 36.1122327, 49.9691781 ], [ 36.1121528, 49.9692451 ], [ 36.1121026, 49.9693231 ], [ 36.1120855, 49.9694068 ], [ 36.1121026, 49.9694905 ], [ 36.1121528, 49.9695684 ], [ 36.1122327, 49.9696354 ], [ 36.1123369, 49.9696868 ], [ 36.1124581, 49.9697191 ], [ 36.1125883, 49.9697301 ], [ 36.1127184, 49.9697191 ], [ 36.1128397, 49.9696868 ], [ 36.1129438, 49.9696354 ], [ 36.1130237, 49.9695684 ], [ 36.1130739, 49.9694905 ], [ 36.1130911, 49.9694068 ], [ 36.1130739, 49.9693231 ], [ 36.1130237, 49.9692451 ] ] ] } },
{ "type": "Feature", "properties": { "overture_id": "44eb6794-0112-461c-861a-94f2fd30f600", "osm_id": 86492178, "area_m2": 92.85 }, "geometry": { "type": "Polygon", "coordinates": [ [ [ 36.1151735, 49.9722441 ], [ 36.1152512, 49.972224 ], [ 36.1152177, 49.9721706 ], [ 36.1151401, 49.9721907 ], [ 36.1151735, 49.9722441 ] ] ] } },
{ "type": "Feature", "properties": { "overture_id": "eb8490b3-3a50-41c0-a840-b0c595919928", "osm_id": 86492178, "area_m2": 181.15 }, "geometry": { "type": "Polygon", "coordinates": [ [ [ 36.1115824, 49.97083 ], [ 36.1115808, 49.9708783 ], [ 36.1115685, 49.9708781 ], [ 36.1115667, 49.9709333 ], [ 36.1116632, 49.9709346 ], [ 36.1116667, 49.9708311 ], [ 36.1115824, 49.97083 ] ] ] } },
{ "type": "Feature", "properties": { "overture_id": "1f9b4342-16f9-4b01-bc27-67ec3581e045", "osm_id": 86492178, "area_m2": 42.8 }, "geometry": { "type": "Polygon", "coordinates": [ [ [ 36.1191937, 49.9727476 ], [ 36.1191929, 49.9727752 ], [ 36.1192733, 49.9727762 ], [ 36.1192742, 49.9727486 ], [ 36.1191937, 49.9727476 ] ] ] } },
{ "type": "Feature", "properties": { "overture_id": "630ab06d-848c-40e8-97bf-bf0090fc28c8", "osm_id": 86492178, "area_m2": 39.65 }, "geometry": { "type": "Polygon", "coordinates": [ [ [ 36.1155278, 49.9725741 ], [ 36.1154532, 49.9725642 ], [ 36.1154447, 49.9725906 ], [ 36.1155193, 49.9726006 ], [ 36.1155278, 49.9725741 ] ] ] } },
{ "type": "Feature", "properties": { "overture_id": "1ca08d1d-88fa-4abf-8608-c477cdd1a859", "osm_id": 86492178, "area_m2": 42.21 }, "geometry": { "type": "Polygon", "coordinates": [ [ [ 36.1158607, 49.9716976 ], [ 36.1158595, 49.9717365 ], [ 36.1159158, 49.9717372 ], [ 36.115917, 49.9716983 ], [ 36.1158607, 49.9716976 ] ] ] } },
{ "type": "Feature", "properties": { "overture_id": "5fc262c1-429e-4c7d-9aa3-985025f4e5e3", "osm_id": 86492178, "area_m2": 689.76 }, "geometry": { "type": "Polygon", "coordinates": [ [ [ 36.1087959, 49.9705144 ], [ 36.108794, 49.9705416 ], [ 36.1088054, 49.9705678 ], [ 36.1088288, 49.9705904 ], [ 36.1088621, 49.9706072 ], [ 36.1089019, 49.9706165 ], [ 36.1089421, 49.9706176 ], [ 36.1089809, 49.9706109 ], [ 36.109015, 49.9705972 ], [ 36.1090412, 49.9705775 ], [ 36.1090571, 49.9705538 ], [ 36.1090614, 49.9705281 ], [ 36.1090537, 49.9705027 ], [ 36.1090346, 49.9704799 ], [ 36.1090025, 49.9704602 ], [ 36.1089621, 49.9704484 ], [ 36.1089179, 49.9704457 ], [ 36.1088748, 49.9704523 ], [ 36.1088374, 49.9704677 ], [ 36.1088108, 49.9704889 ], [ 36.1087959, 49.9705144 ] ] ] } },
{ "type": "Feature", "properties": { "overture_id": "1fce9be2-d21e-4308-ac0a-011a7eb6d2a0", "osm_id": 86492178, "area_m2": 72.28 }, "geometry": { "type": "Polygon", "coordinates": [ [ [ 36.1095926, 49.9703518 ], [ 36.1096566, 49.9703609 ], [ 36.1096757, 49.9703049 ], [ 36.1096118, 49.9702959 ], [ 36.1095926, 49.9703518 ] ] ] } },
{ "type": "Feature", "properties": { "overture_id": "c3e40a8b-59ec-460e-9b37-28269d9a9b2e", "osm_id": 86492178, "area_m2": 62.51 }, "geometry": { "type": "Polygon", "coordinates": [ [ [ 36.1192272, 49.9725648 ], [ 36.1192295, 49.9725089 ], [ 36.1191715, 49.9725079 ], [ 36.1191692, 49.9725638 ], [ 36.1192272, 49.9725648 ] ] ] } },
{ "type": "Feature", "properties": { "overture_id": "f9f8dbf6-3b63-4b36-b6a6-c8372956098b", "osm_id": 86492178, "area_m2": 340.41 }, "geometry": { "type": "Polygon", "coordinates": [ [ [ 36.1137055, 49.9724833 ], [ 36.1134535, 49.9724725 ], [ 36.1134463, 49.9725423 ], [ 36.1136983, 49.9725531 ], [ 36.1137055, 49.9724833 ] ] ] } },
{ "type": "Feature", "properties": { "overture_id": "1b676a55-194e-4fab-973f-c2eb52350b16", "osm_id": 86492178, "area_m2": 689.76 }, "geometry": { "type": "Polygon", "coordinates": [ [ [ 36.1089241, 49.9707601 ], [ 36.1089222, 49.9707873 ], [ 36.1089336, 49.9708135 ], [ 36.108957, 49.9708361 ], [ 36.1089903, 49.9708529 ], [ 36.1090301, 49.9708622 ], [ 36.1090703, 49.9708633 ], [ 36.1091091, 49.9708566 ], [ 36.1091432, 49.9708429 ], [ 36.1091694, 49.9708232 ], [ 36.1091853, 49.9707995 ], [ 36.1091896, 49.9707738 ], [ 36.1091819, 49.9707484 ], [ 36.1091628, 49.9707256 ], [ 36.1091307, 49.9707059 ], [ 36.1090903, 49.9706941 ], [ 36.1090461, 49.9706914 ], [ 36.109003, 49.970698 ], [ 36.1089656, 49.9707134 ], [ 36.108939, 49.9707346 ], [ 36.1089241, 49.9707601 ] ] ] } },
{ "type": "Feature", "properties": { "overture_id": "e50691ca-6baf-43b7-82e4-08b5cde7011d", "osm_id": 86492178, "area_m2": 526.12 }, "geometry": { "type": "Polygon", "coordinates": [ [ [ 36.1108461, 49.9690489 ], [ 36.1107672, 49.9690463 ], [ 36.1107396, 49.9693915 ], [ 36.1108185, 49.9693941 ], [ 36.1108461, 49.9690489 ] ] ] } },
{ "type": "Feature", "properties": { "overture_id": "e0457ea4-7aa0-48de-906e-ab3e40e5859a", "osm_id": 86492178, "area_m2": 7160.0 }, "geometry": { "type": "Polygon", "coordinates": [ [ [ 36.1170974, 49.9712475 ], [ 36.1172593, 49.9713081 ], [ 36.1174647, 49.9713062 ], [ 36.1175123, 49.9712535 ], [ 36.1175341, 49.9712472 ], [ 36.1175935, 49.9711817 ], [ 36.1176043, 49.9711785 ], [ 36.1176244, 49.9711564 ], [ 36.1176239, 49.9711349 ], [ 36.1176959, 49.971114 ], [ 36.1176934, 49.9710026 ], [ 36.117747, 49.970987 ], [ 36.1177115, 49.9709737 ], [ 36.1177108, 49.9709415 ], [ 36.1177496, 49.9709302 ], [ 36.1177276, 49.9709219 ], [ 36.1177376, 49.970919 ], [ 36.1177251, 49.9709012 ], [ 36.1177519, 49.9708715 ], [ 36.1177143, 49.9708574 ], [ 36.1177131, 49.9708019 ], [ 36.1176364, 49.9708026 ], [ 36.1176357, 49.9707707 ], [ 36.1175829, 49.9707712 ], [ 36.1174413, 49.9707181 ], [ 36.1171793, 49.9707205 ], [ 36.1170194, 49.970767 ], [ 36.1169514, 49.9708421 ], [ 36.1169578, 49.9708513 ], [ 36.1169633, 49.9711 ], [ 36.117067, 49.9712477 ], [ 36.1170974, 49.9712475 ] ] ] } },
{ "type": "Feature", "properties": { "overture_id": "e7b9a6bd-a592-46e0-b2ad-d187e16e6a32", "osm_id": 86492178, "area_m2": 128.08 }, "geometry": { "type": "Polygon", "coordinates": [ [ [ 36.1078791, 49.9692098 ], [ 36.1078752, 49.9692649 ], [ 36.1079956, 49.9692684 ], [ 36.1079995, 49.9692133 ], [ 36.1078791, 49.9692098 ] ] ] } },
{ "type": "Feature", "properties": { "overture_id": "9485e1ce-4272-45ed-97c8-4219b9c0feec", "osm_id": 86492178, "area_m2": 72.23 }, "geometry": { "type": "Polygon", "coordinates": [ [ [ 36.1072996, 49.9712087 ], [ 36.1072192, 49.9712075 ], [ 36.1072175, 49.9712541 ], [ 36.1072979, 49.9712553 ], [ 36.1072996, 49.9712087 ] ] ] } },
{ "type": "Feature", "properties": { "overture_id": "1f0f90b9-eaa2-4e1f-9626-0e7e550049db", "osm_id": 86492178, "area_m2": 977.25 }, "geometry": { "type": "Polygon", "coordinates": [ [ [ 36.1135025, 49.9711112 ], [ 36.1131745, 49.9711049 ], [ 36.1131673, 49.9712594 ], [ 36.1134953, 49.9712657 ], [ 36.1135025, 49.9711112 ] ] ] } },
{ "type": "Feature", "properties": { "overture_id": "f4f31f02-68a7-4911-ae1d-52cda32ddb78", "osm_id": 86492178, "area_m2": 375.95 }, "geometry": { "type": "Polygon", "coordinates": [ [ [ 36.1146843, 49.9704882 ], [ 36.114678, 49.9706614 ], [ 36.1147906, 49.9706631 ], [ 36.1147969, 49.9704899 ], [ 36.1146843, 49.9704882 ] ] ] } },
{ "type": "Feature", "properties": { "overture_id": "1127fcef-d0e6-4ee6-b9d8-ca754d4cb40a", "osm_id": 86492178, "area_m2": 35.75 }, "geometry": { "type": "Polygon", "coordinates": [ [ [ 36.1178498, 49.971591 ], [ 36.1178516, 49.9715704 ], [ 36.1177618, 49.9715672 ], [ 36.11776, 49.9715878 ], [ 36.1178498, 49.971591 ] ] ] } },
{ "type": "Feature", "properties": { "overture_id": "b9576582-1b6b-4087-854a-d7fa18312310", "osm_id": 86492178, "area_m2": 183.76 }, "geometry": { "type": "Polygon", "coordinates": [ [ [ 36.1117143, 49.9696256 ], [ 36.1115949, 49.9696192 ], [ 36.1115846, 49.9696985 ], [ 36.1117041, 49.9697049 ], [ 36.1117143, 49.9696256 ] ] ] } },
{ "type": "Feature", "properties": { "overture_id": "9f8ea0be-9b07-4d47-a362-a098c706403d", "osm_id": 86492178, "area_m2": 124.79 }, "geometry": { "type": "Polygon", "coordinates": [ [ [ 36.1093625, 49.9699718 ], [ 36.1094094, 49.9699807 ], [ 36.1093966, 49.9700086 ], [ 36.1094548, 49.9700196 ], [ 36.1094864, 49.9699504 ], [ 36.1093814, 49.9699305 ], [ 36.1093625, 49.9699718 ] ] ] } },
{ "type": "Feature", "properties": { "overture_id": "ed37b52a-2546-47c0-98c1-d1d190deb173", "osm_id": 86492178, "area_m2": 217.84 }, "geometry": { "type": "Polygon", "coordinates": [ [ [ 36.1152951, 49.9727181 ], [ 36.1150772, 49.9727138 ], [ 36.1150748, 49.9727657 ], [ 36.1152926, 49.9727699 ], [ 36.1152951, 49.9727181 ] ] ] } },
{ "type": "Feature", "properties": { "overture_id": "4c656d7c-3609-4d79-8c28-0b13c51e742d", "osm_id": 86492178, "area_m2": 875.77 }, "geometry": { "type": "Polygon", "coordinates": [ [ [ 36.1188613, 49.9723944 ], [ 36.1189444, 49.9723966 ], [ 36.1189554, 49.9722218 ], [ 36.1187224, 49.9722157 ], [ 36.1187094, 49.9724215 ], [ 36.1188594, 49.9724254 ], [ 36.1188613, 49.9723944 ] ] ] } },
{ "type": "Feature", "properties": { "overture_id": "99caa475-3653-43e9-b499-dc213f290026", "osm_id": 86492178, "area_m2": 268.94 }, "geometry": { "type": "Polygon", "coordinates": [ [ [ 36.1063978, 49.9688274 ], [ 36.1063953, 49.9689007 ], [ 36.1065857, 49.9689033 ], [ 36.1065881, 49.96883 ], [ 36.1063978, 49.9688274 ] ] ] } },
{ "type": "Feature", "properties": { "overture_id": "b82a21fe-7ecb-4219-b180-7a583e918bbf", "osm_id": 86492178, "area_m2": 375.49 }, "geometry": { "type": "Polygon", "coordinates": [ [ [ 36.1101779, 49.9713376 ], [ 36.1104917, 49.9713396 ], [ 36.1104926, 49.9712775 ], [ 36.1101788, 49.9712755 ], [ 36.1101779, 49.9713376 ] ] ] } },
{ "type": "Feature", "properties": { "overture_id": "ea4bd18b-1ca5-450f-964f-1fd9a9da4f86", "osm_id": 86492178, "area_m2": 53.74 }, "geometry": { "type": "Polygon", "coordinates": [ [ [ 36.1143451, 49.972675 ], [ 36.1143149, 49.9726643 ], [ 36.114283, 49.9726728 ], [ 36.1142735, 49.9726942 ], [ 36.1142936, 49.9727123 ], [ 36.1143281, 49.9727135 ], [ 36.114351, 49.9726969 ], [ 36.1143451, 49.972675 ] ] ] } },
{ "type": "Feature", "properties": { "overture_id": "b2d7fd82-6215-413f-81c1-19c5931b19ed", "osm_id": 86492178, "area_m2": 761.06 }, "geometry": { "type": "Polygon", "coordinates": [ [ [ 36.1115139, 49.9700938 ], [ 36.1115154, 49.9701323 ], [ 36.1115461, 49.9701319 ], [ 36.1115475, 49.9701681 ], [ 36.1120595, 49.97016 ], [ 36.1120566, 49.9700852 ], [ 36.1115139, 49.9700938 ] ] ] } },
{ "type": "Feature", "properties": { "overture_id": "7317657_manual", "osm_id": 7317657, "area_m2": 10826.88 }, "geometry": { "type": "Polygon", "coordinates": [ [ [ 33.372025351337747, 46.775457048877151 ], [ 33.372277478985147, 46.775567264911778 ], [ 33.372347216419534, 46.775493787580437 ], [ 33.372728090099649, 46.775655437577058 ], [ 33.371268968395547, 46.777128634501516 ], [ 33.370668153576212, 46.776864123309124 ], [ 33.372025351337747, 46.775457048877151 ] ] ] } }
]
}
