{
"type": "FeatureCollection",
"name": "energy_attacks_with_waves",
"crs": { "type": "name", "properties": { "name": "urn:ogc:def:crs:OGC:1.3:CRS84" } },
"features": [
{ "type": "Feature", "properties": { "osm_id": 28877213, "name": "Запорізька АЕС", "station_name_en": "Zaporizhzhia Nuclear Power Plant", "oblast_name_en": "Zaporizhia", "area_m2": 2457954.247769854, "eor_source": "https://web.archive.org/web/20251225222529/https://www.youtube.com/watch?v=fYUT36YGOh8", "eor_description": "Interior damage and bulletholes inside office of Zaporizhzhia Nuclear Power Station facing Promyshlennaya Street parking lot", "eor_first_date": "2022-03-04T00:00:00", "eor_all_dates": "[Timestamp('2022-03-04 00:00:00'), Timestamp('2022-07-22 00:00:00'), Timestamp('2022-08-11 00:00:00'), Timestamp('2022-08-29 00:00:00'), Timestamp('2022-09-21 00:00:00'), Timestamp('2022-11-20 00:00:00'), Timestamp('2024-08-17 00:00:00')]", "infra_type": "Nuclear", "latitude": 47.510158549776868, "longitude": 34.588119915522519, "attack_waves": [ "wave1", "wave2", "wave4", "wave6" ], "n_attack_waves": 4, "attack_waves_str": "wave1, wave2, wave4, wave6" }, "geometry": { "type": "Polygon", "coordinates": [ [ [ 34.590543, 47.5035897 ], [ 34.5845072, 47.5049995 ], [ 34.5838969, 47.503884 ], [ 34.5796373, 47.5049785 ], [ 34.5864815, 47.5173007 ], [ 34.5960638, 47.5148682 ], [ 34.5941788, 47.5102686 ], [ 34.590543, 47.5035897 ] ] ] } },
{ "type": "Feature", "properties": { "osm_id": 4096525, "name": "Кременчуцька ТЕЦ", "station_name_en": null, "oblast_name_en": "Poltava", "area_m2": 2163655.5056080944, "eor_source": "https://web.archive.org/web/20251225222529/https://twitter.com/GeoliticsWorld/status/1598272557488168961", "eor_description": "Damage to roof of main building of Kremenchuk TPP", "eor_first_date": "2022-04-24T00:00:00", "eor_all_dates": "[Timestamp('2022-04-24 00:00:00')]", "infra_type": "CHP", "latitude": 49.173080797716381, "longitude": 33.443794550860886, "attack_waves": [ "wave1" ], "n_attack_waves": 1, "attack_waves_str": "wave1" }, "geometry": { "type": "Polygon", "coordinates": [ [ [ 33.4366845, 49.1723695 ], [ 33.4367126, 49.1728402 ], [ 33.436168, 49.1737158 ], [ 33.4354215, 49.1745802 ], [ 33.4355667, 49.1746543 ], [ 33.4356313, 49.1746872 ], [ 33.4359809, 49.174884 ], [ 33.4343949, 49.1759678 ], [ 33.4345994, 49.1763743 ], [ 33.4350641, 49.1763552 ], [ 33.4389097, 49.1770103 ], [ 33.4388396, 49.1772324 ], [ 33.4391588, 49.1773078 ], [ 33.4392227, 49.1772858 ], [ 33.4399905, 49.1774899 ], [ 33.4401687, 49.1775373 ], [ 33.4406905, 49.177676 ], [ 33.4407766, 49.1775376 ], [ 33.4408521, 49.1774162 ], [ 33.4408948, 49.1774317 ], [ 33.4417493, 49.1777496 ], [ 33.4425174, 49.1778131 ], [ 33.4447011, 49.1782533 ], [ 33.4464533, 49.1770616 ], [ 33.4480735, 49.1759597 ], [ 33.4481201, 49.1758875 ], [ 33.44823, 49.1758112 ], [ 33.4482703, 49.1758095 ], [ 33.4483108, 49.1757983 ], [ 33.4484317, 49.1757161 ], [ 33.4520877, 49.1732296 ], [ 33.4532778, 49.1724201 ], [ 33.4448867, 49.1672357 ], [ 33.4428199, 49.1659587 ], [ 33.4417135, 49.1667449 ], [ 33.4437316, 49.1679895 ], [ 33.4418557, 49.1692654 ], [ 33.4418517, 49.1693387 ], [ 33.4409402, 49.1699598 ], [ 33.4408786, 49.1699986 ], [ 33.4402844, 49.1703726 ], [ 33.4402385, 49.1703514 ], [ 33.4402163, 49.1703412 ], [ 33.4401322, 49.1703831 ], [ 33.4388704, 49.1714202 ], [ 33.4387823, 49.171394 ], [ 33.4384258, 49.1716559 ], [ 33.4382095, 49.1719518 ], [ 33.4378971, 49.171813 ], [ 33.4376808, 49.1720592 ], [ 33.4376527, 49.1721771 ], [ 33.4374645, 49.172308 ], [ 33.4373788, 49.1723148 ], [ 33.4367399, 49.1723651 ], [ 33.4366845, 49.1723695 ] ] ] } },
{ "type": "Feature", "properties": { "osm_id": 4546127, "name": "Південноукраїнська АЕС", "station_name_en": "South Ukraine Nuclear Power Plant", "oblast_name_en": "Mykolayiv", "area_m2": 1543380.9323858188, "eor_source": "https://web.archive.org/web/20251225222529/https://www.facebook.com/100063653690271/videos/pcb.440213288110457/5624610314216338", "eor_description": "Missile passing over  NPP, Yuzhnoukrainsk", "eor_first_date": "2022-06-05T00:00:00", "eor_all_dates": "[Timestamp('2022-06-05 00:00:00'), Timestamp('2022-09-19 00:00:00')]", "infra_type": "Nuclear", "latitude": 47.810922104000561, "longitude": 31.218406092910765, "attack_waves": [ "wave1", "wave2" ], "n_attack_waves": 2, "attack_waves_str": "wave1, wave2" }, "geometry": { "type": "Polygon", "coordinates": [ [ [ 31.2175111, 47.8140714 ], [ 31.2175083, 47.8141962 ], [ 31.2175064, 47.8142818 ], [ 31.2185736, 47.8142925 ], [ 31.2185756, 47.8142028 ], [ 31.2185783, 47.8140821 ], [ 31.2221334, 47.814101 ], [ 31.2221293, 47.8142429 ], [ 31.2221283, 47.8142764 ], [ 31.222803, 47.8142852 ], [ 31.2228039, 47.8142537 ], [ 31.2228047, 47.8142383 ], [ 31.2229758, 47.8142405 ], [ 31.2235863, 47.8138306 ], [ 31.2257937, 47.813863 ], [ 31.2258611, 47.8116358 ], [ 31.2264303, 47.8116423 ], [ 31.2264388, 47.8115008 ], [ 31.2264459, 47.811382 ], [ 31.2274694, 47.8113869 ], [ 31.2274731, 47.811224 ], [ 31.2274951, 47.8102509 ], [ 31.2274225, 47.8102194 ], [ 31.2268535, 47.8099724 ], [ 31.2264713, 47.8098902 ], [ 31.2264817, 47.8085093 ], [ 31.2211717, 47.8084436 ], [ 31.2211717, 47.8087069 ], [ 31.2211627, 47.8094027 ], [ 31.2210055, 47.8094116 ], [ 31.2210103, 47.8093148 ], [ 31.2197405, 47.8092985 ], [ 31.2197489, 47.8090029 ], [ 31.2197507, 47.8089392 ], [ 31.2205494, 47.8089495 ], [ 31.2205544, 47.808773 ], [ 31.219757, 47.8087628 ], [ 31.2197577, 47.8087388 ], [ 31.21966, 47.8087376 ], [ 31.2196593, 47.8087644 ], [ 31.2194265, 47.8087614 ], [ 31.2194169, 47.8090982 ], [ 31.219414, 47.8092014 ], [ 31.2194516, 47.8092018 ], [ 31.219449, 47.8092946 ], [ 31.219342, 47.8092933 ], [ 31.2193368, 47.8094729 ], [ 31.2194235, 47.8095195 ], [ 31.2198362, 47.8095167 ], [ 31.2198371, 47.8094484 ], [ 31.2204076, 47.8094514 ], [ 31.2205538, 47.8094541 ], [ 31.2205556, 47.8096381 ], [ 31.2205166, 47.8096378 ], [ 31.2205141, 47.8097937 ], [ 31.2205116, 47.8099411 ], [ 31.2205103, 47.8100243 ], [ 31.2205268, 47.8100244 ], [ 31.2205562, 47.8100246 ], [ 31.2205539, 47.8101614 ], [ 31.2204928, 47.810161 ], [ 31.2204925, 47.8101772 ], [ 31.2204871, 47.8105084 ], [ 31.2202123, 47.8105064 ], [ 31.2201587, 47.810506 ], [ 31.2201605, 47.8103972 ], [ 31.2198905, 47.8103952 ], [ 31.2198888, 47.8105024 ], [ 31.2193463, 47.8104984 ], [ 31.2193475, 47.8104392 ], [ 31.2190207, 47.8104362 ], [ 31.2190199, 47.8104778 ], [ 31.2189828, 47.8104768 ], [ 31.2189265, 47.8104754 ], [ 31.2188688, 47.8104742 ], [ 31.2187551, 47.8104717 ], [ 31.2187566, 47.8101424 ], [ 31.2177319, 47.8094694 ], [ 31.2166342, 47.808717 ], [ 31.2144014, 47.8073243 ], [ 31.2100784, 47.8073017 ], [ 31.2100366, 47.8076659 ], [ 31.2099119, 47.8076641 ], [ 31.2096966, 47.8076628 ], [ 31.2093823, 47.80766 ], [ 31.2093941, 47.8083058 ], [ 31.2094486, 47.809198 ], [ 31.2095291, 47.8093889 ], [ 31.2102843, 47.8100785 ], [ 31.2124828, 47.8120955 ], [ 31.2145785, 47.8140367 ], [ 31.2175111, 47.8140714 ] ] ] } },
{ "type": "Feature", "properties": { "osm_id": 132697290, "name": "Вуглегірська ТЕС", "station_name_en": "Vuhlehirska (Vuglegirska) power station", "oblast_name_en": "Donetsk", "area_m2": 5326953.6519617429, "eor_source": "https://web.archive.org/web/20251225222529/https://twitter.com/Cosmonaut19/status/1539584654973448193", "eor_description": "Svitlodars'k's Vuhlehirsʹka Tes thermal power station shelled", "eor_first_date": "2022-06-22T00:00:00", "eor_all_dates": "[Timestamp('2022-06-22 00:00:00'), Timestamp('2022-07-04 00:00:00')]", "infra_type": "Thermal", "latitude": 48.465704253143826, "longitude": 38.199186999427326, "attack_waves": [ "wave1" ], "n_attack_waves": 1, "attack_waves_str": "wave1" }, "geometry": { "type": "Polygon", "coordinates": [ [ [ 38.197666, 48.4616226 ], [ 38.1938871, 48.4610277 ], [ 38.1921912, 48.4607165 ], [ 38.1918601, 48.460686 ], [ 38.1913966, 48.4608464 ], [ 38.1909448, 48.4609371 ], [ 38.1909856, 48.4608378 ], [ 38.1840853, 48.4610022 ], [ 38.1840482, 48.4615414 ], [ 38.1810832, 48.4615973 ], [ 38.1794552, 48.4613353 ], [ 38.178435, 48.4602647 ], [ 38.1777665, 48.4602754 ], [ 38.1781827, 48.4672406 ], [ 38.1829371, 48.4676693 ], [ 38.1933503, 48.467586 ], [ 38.2058296, 48.4698215 ], [ 38.2059847, 48.4698493 ], [ 38.2201062, 48.472368 ], [ 38.2204681, 48.4710269 ], [ 38.220061, 48.466226 ], [ 38.212025, 48.4646221 ], [ 38.2094216, 48.4641025 ], [ 38.2098184, 48.4630681 ], [ 38.206485, 48.4624429 ], [ 38.2064199, 48.4624782 ], [ 38.2061123, 48.462417 ], [ 38.2061411, 48.4623561 ], [ 38.2055375, 48.4622308 ], [ 38.2055185, 48.4622712 ], [ 38.2034325, 48.4618493 ], [ 38.2022065, 48.4616439 ], [ 38.2019356, 48.4617089 ], [ 38.2018576, 48.461709 ], [ 38.2019237, 48.4615558 ], [ 38.2012403, 48.4614263 ], [ 38.2011728, 48.4615827 ], [ 38.2010098, 48.4615413 ], [ 38.2008701, 48.4614487 ], [ 38.200665, 48.4613836 ], [ 38.1979506, 48.4609236 ], [ 38.197666, 48.4616226 ] ] ] } },
{ "type": "Feature", "properties": { "osm_id": 207146914, "name": "Котельня", "station_name_en": null, "oblast_name_en": "Mykolayiv", "area_m2": 687.42004133145747, "eor_source": "https://web.archive.org/web/20251225222529/https://twitter.com/BreakingItalyNe/status/1553027065242435584", "eor_description": "Damage to bus station after strike in Mykolaiv", "eor_first_date": "2022-07-29T00:00:00", "eor_all_dates": "[Timestamp('2022-07-29 00:00:00')]", "infra_type": "Thermal", "latitude": 46.867040847100263, "longitude": 32.017905874798807, "attack_waves": [ "wave1" ], "n_attack_waves": 1, "attack_waves_str": "wave1" }, "geometry": { "type": "Polygon", "coordinates": [ [ [ 32.0177417, 46.8670994 ], [ 32.0180717, 46.8670972 ], [ 32.0180701, 46.8669823 ], [ 32.01774, 46.8669845 ], [ 32.0177417, 46.8670994 ] ] ] } },
{ "type": "Feature", "properties": { "osm_id": 164920951, "name": "Слов'янська ТЕС", "station_name_en": "Slavyansk power station", "oblast_name_en": "Donetsk", "area_m2": 1257913.917554084, "eor_source": "https://web.archive.org/web/20251225222529/https://twitter.com/KremlinTrolls/status/1571491313442226176", "eor_description": "Damage to the Slovianska thermal power station", "eor_first_date": "2022-09-18T00:00:00", "eor_all_dates": "[Timestamp('2022-09-18 00:00:00'), Timestamp('2024-05-05 00:00:00'), Timestamp('2024-12-25 00:00:00'), Timestamp('2025-01-19 00:00:00'), Timestamp('2025-06-02 00:00:00'), Timestamp('2025-11-04 00:00:00'), Timestamp('2025-11-13 00:00:00')]", "infra_type": "Thermal", "latitude": 48.872110355859562, "longitude": 37.764954515780794, "attack_waves": [ "wave2", "wave6", "wave7" ], "n_attack_waves": 3, "attack_waves_str": "wave2, wave6, wave7" }, "geometry": { "type": "Polygon", "coordinates": [ [ [ 37.7649902, 48.8678707 ], [ 37.7650009, 48.8678578 ], [ 37.7649003, 48.8678216 ], [ 37.7648904, 48.8678336 ], [ 37.7644327, 48.8676746 ], [ 37.7641765, 48.8676229 ], [ 37.7641158, 48.8676297 ], [ 37.7640894, 48.8676239 ], [ 37.7640646, 48.8676794 ], [ 37.7639982, 48.8677288 ], [ 37.7636294, 48.8677874 ], [ 37.7635999, 48.8678334 ], [ 37.7633628, 48.8679266 ], [ 37.7633069, 48.8679281 ], [ 37.7632893, 48.8679554 ], [ 37.763272, 48.8679824 ], [ 37.7632257, 48.8680133 ], [ 37.7626437, 48.8680354 ], [ 37.762535, 48.8680204 ], [ 37.7622507, 48.8681739 ], [ 37.7622413, 48.8682039 ], [ 37.76223, 48.8682135 ], [ 37.762158, 48.868275 ], [ 37.7621287, 48.8683 ], [ 37.7625042, 48.8685876 ], [ 37.7628905, 48.8690322 ], [ 37.7625277, 48.8691819 ], [ 37.7616748, 48.8695033 ], [ 37.7615789, 48.8695403 ], [ 37.7616794, 48.8696929 ], [ 37.7610665, 48.8699867 ], [ 37.7609727, 48.8699373 ], [ 37.7603182, 48.8692351 ], [ 37.7596396, 48.8684712 ], [ 37.7573735, 48.8693351 ], [ 37.759425, 48.8715534 ], [ 37.7596316, 48.8714634 ], [ 37.759735, 48.8715706 ], [ 37.763553, 48.8755292 ], [ 37.7638546, 48.8754154 ], [ 37.76528, 48.8768867 ], [ 37.7667443, 48.8762836 ], [ 37.7678323, 48.8758354 ], [ 37.7679683, 48.8757794 ], [ 37.7680791, 48.8757337 ], [ 37.7687923, 48.8754399 ], [ 37.7684834, 48.8751115 ], [ 37.7692298, 48.8748173 ], [ 37.7696475, 48.8752595 ], [ 37.7721303, 48.8742376 ], [ 37.7714141, 48.8734743 ], [ 37.7713407, 48.8734938 ], [ 37.7712865, 48.8733915 ], [ 37.7706678, 48.872734 ], [ 37.7701942, 48.8724075 ], [ 37.7700753, 48.8723224 ], [ 37.7676955, 48.8698388 ], [ 37.7664339, 48.8686678 ], [ 37.7661547, 48.8685082 ], [ 37.7660662, 48.8684897 ], [ 37.7660495, 48.8684978 ], [ 37.7660152, 48.8685144 ], [ 37.7659442, 48.868487 ], [ 37.7657711, 48.868323 ], [ 37.7657685, 48.8682806 ], [ 37.7657095, 48.8682418 ], [ 37.7654949, 48.8681739 ], [ 37.7652508, 48.8679935 ], [ 37.7649902, 48.8678707 ] ] ] } },
{ "type": "Feature", "properties": { "osm_id": 2271440, "name": "Трипільська ТЕС", "station_name_en": "Trypilska Power Plant", "oblast_name_en": "Kiev", "area_m2": 1891803.6088771655, "eor_source": "https://web.archive.org/web/20251225222529/https://twitter.com/GeoliticsWorld/status/1587800513092980736", "eor_description": "Damage to the transmission substation of the Trypilska TPP in Ukrainka, Kyiv Oblast", "eor_first_date": "2022-10-10T00:00:00", "eor_all_dates": "[Timestamp('2022-10-10 00:00:00'), Timestamp('2024-04-11 00:00:00'), Timestamp('2025-09-08 00:00:00'), Timestamp('2025-11-07 00:00:00')]", "infra_type": "Thermal", "latitude": 50.132790363668278, "longitude": 30.750383182414033, "attack_waves": [ "wave3", "wave6", "wave7" ], "n_attack_waves": 3, "attack_waves_str": "wave3, wave6, wave7" }, "geometry": { "type": "Polygon", "coordinates": [ [ [ 30.7534881, 50.1370533 ], [ 30.7542708, 50.1350828 ], [ 30.7563971, 50.1353764 ], [ 30.7561278, 50.1360665 ], [ 30.7568778, 50.1362099 ], [ 30.7569979, 50.1362329 ], [ 30.7571751, 50.1362305 ], [ 30.7571751, 50.1359452 ], [ 30.7571617, 50.1354775 ], [ 30.7571563, 50.1353365 ], [ 30.7571697, 50.1352351 ], [ 30.7572341, 50.1351234 ], [ 30.7574004, 50.134905 ], [ 30.7574594, 50.1347864 ], [ 30.7576418, 50.1344305 ], [ 30.7577866, 50.1340798 ], [ 30.7578751, 50.1338442 ], [ 30.7583016, 50.1328212 ], [ 30.7588702, 50.1314509 ], [ 30.7589748, 50.1311019 ], [ 30.7590097, 50.1309833 ], [ 30.7590687, 50.1308595 ], [ 30.75929, 50.1305964 ], [ 30.7593732, 50.1304863 ], [ 30.7594617, 50.1303677 ], [ 30.7595488, 50.1302388 ], [ 30.7595663, 50.1301975 ], [ 30.7595676, 50.130164 ], [ 30.759569, 50.1301003 ], [ 30.7595837, 50.1300694 ], [ 30.7585843, 50.1295141 ], [ 30.7581266, 50.129752 ], [ 30.7576753, 50.1300128 ], [ 30.7573951, 50.1302959 ], [ 30.7571783, 50.1306051 ], [ 30.7562544, 50.1328066 ], [ 30.7555854, 50.1327 ], [ 30.7554248, 50.1306002 ], [ 30.7553244, 50.1302886 ], [ 30.75517, 50.1300414 ], [ 30.7548952, 50.1297522 ], [ 30.754627, 50.1295475 ], [ 30.7543144, 50.129364 ], [ 30.7538947, 50.1291933 ], [ 30.7532644, 50.12903 ], [ 30.7525478, 50.128911 ], [ 30.7505485, 50.1286676 ], [ 30.7472569, 50.1292033 ], [ 30.7465896, 50.1294207 ], [ 30.746184, 50.129561 ], [ 30.7451707, 50.1302967 ], [ 30.7447886, 50.1306738 ], [ 30.7442104, 50.1313868 ], [ 30.7437748, 50.1314776 ], [ 30.7433537, 50.1313529 ], [ 30.7426918, 50.1313921 ], [ 30.741458, 50.1346485 ], [ 30.742262, 50.1347864 ], [ 30.7420964, 50.1351109 ], [ 30.7534881, 50.1370533 ] ] ] } },
{ "type": "Feature", "properties": { "osm_id": 1754517, "name": "Станція теплопостачання №1", "station_name_en": null, "oblast_name_en": "Kiev City", "area_m2": 136978.77319325731, "eor_source": "https://web.archive.org/web/20251225222529/https://twitter.com/nexta_tv/status/1579383097220796416", "eor_description": "Damage to the 101 Tower business centre following strike", "eor_first_date": "2022-10-10T00:00:00", "eor_all_dates": "[Timestamp('2022-10-10 00:00:00'), Timestamp('2022-10-12 00:00:00')]", "infra_type": "Thermal", "latitude": 50.440254779577025, "longitude": 30.494705795753141, "attack_waves": [ "wave3" ], "n_attack_waves": 1, "attack_waves_str": "wave3" }, "geometry": { "type": "Polygon", "coordinates": [ [ [ 30.4971865, 50.4402575 ], [ 30.4969343, 50.4401502 ], [ 30.4968293, 50.4401039 ], [ 30.4955993, 50.4395571 ], [ 30.4953621, 50.4395221 ], [ 30.4942669, 50.4390526 ], [ 30.4941225, 50.4390018 ], [ 30.4938788, 50.4389453 ], [ 30.4935666, 50.4389866 ], [ 30.4934726, 50.438999 ], [ 30.4930135, 50.4393356 ], [ 30.4931399, 50.439418 ], [ 30.4926485, 50.4397704 ], [ 30.4925628, 50.4398896 ], [ 30.492731, 50.4399685 ], [ 30.4932661, 50.4402192 ], [ 30.4931884, 50.4402885 ], [ 30.4930705, 50.4403936 ], [ 30.4928213, 50.440287 ], [ 30.4926544, 50.4404165 ], [ 30.4927404, 50.4404622 ], [ 30.4930056, 50.4406028 ], [ 30.493234, 50.4407239 ], [ 30.4932762, 50.4406963 ], [ 30.4933538, 50.440739 ], [ 30.493266, 50.4407996 ], [ 30.4932167, 50.4408292 ], [ 30.4925714, 50.4412171 ], [ 30.4926389, 50.4412601 ], [ 30.4928082, 50.4413678 ], [ 30.4929152, 50.4412994 ], [ 30.4930301, 50.4413718 ], [ 30.4931491, 50.4414468 ], [ 30.4934354, 50.441168 ], [ 30.4935497, 50.4411491 ], [ 30.4936035, 50.441096 ], [ 30.4937074, 50.4411387 ], [ 30.4939792, 50.4408704 ], [ 30.4940413, 50.4408761 ], [ 30.4942049, 50.4409448 ], [ 30.4950164, 50.4412878 ], [ 30.4951077, 50.4412006 ], [ 30.4953571, 50.4413076 ], [ 30.4954838, 50.4412784 ], [ 30.4956408, 50.441137 ], [ 30.4958278, 50.4412037 ], [ 30.4960331, 50.4412932 ], [ 30.4961927, 50.4413645 ], [ 30.4970758, 50.440524 ], [ 30.4973045, 50.4403063 ], [ 30.4971865, 50.4402575 ] ] ] } },
{ "type": "Feature", "properties": { "osm_id": 272744229, "name": "Зміївська ТЕС", "station_name_en": "Zmiivska power plant", "oblast_name_en": "Kharkiv", "area_m2": 1627948.2700557802, "eor_source": "https://web.archive.org/web/20251225222529/https://twitter.com/GeoliticsWorld/status/1587753000768086016", "eor_description": "Damage to the Zmiivska Thermal power plant", "eor_first_date": "2022-10-10T00:00:00", "eor_all_dates": "[Timestamp('2022-10-10 00:00:00'), Timestamp('2024-03-22 00:00:00'), Timestamp('2025-11-07 00:00:00')]", "infra_type": "Thermal", "latitude": 49.585621888598567, "longitude": 36.52522283532727, "attack_waves": [ "wave3", "wave6", "wave7" ], "n_attack_waves": 3, "attack_waves_str": "wave3, wave6, wave7" }, "geometry": { "type": "Polygon", "coordinates": [ [ [ 36.5200617, 49.5901722 ], [ 36.5197351, 49.5893379 ], [ 36.5197086, 49.5892701 ], [ 36.5185094, 49.5861592 ], [ 36.5184511, 49.5860078 ], [ 36.5185669, 49.5859863 ], [ 36.5185624, 49.5859407 ], [ 36.5185583, 49.5858984 ], [ 36.5184167, 49.58592 ], [ 36.5183424, 49.5857337 ], [ 36.5174032, 49.5833806 ], [ 36.528249, 49.5815804 ], [ 36.5286885, 49.5827334 ], [ 36.5289204, 49.5834356 ], [ 36.5287576, 49.5838858 ], [ 36.5288275, 49.5840797 ], [ 36.5290042, 49.5841365 ], [ 36.5333159, 49.5834293 ], [ 36.5333356, 49.5833671 ], [ 36.5362557, 49.5828946 ], [ 36.5365368, 49.5839137 ], [ 36.5337753, 49.5843727 ], [ 36.5335551, 49.5838939 ], [ 36.5308237, 49.584368 ], [ 36.5311123, 49.5850677 ], [ 36.5299085, 49.5852804 ], [ 36.5298334, 49.5855518 ], [ 36.5300149, 49.5860672 ], [ 36.53223, 49.5856875 ], [ 36.5325244, 49.5864246 ], [ 36.5335628, 49.5862655 ], [ 36.5336514, 49.5865078 ], [ 36.538199, 49.5857809 ], [ 36.5383285, 49.5862114 ], [ 36.5249857, 49.5884062 ], [ 36.5252839, 49.5892076 ], [ 36.5200617, 49.5901722 ] ] ] } },
{ "type": "Feature", "properties": { "osm_id": 201557694, "name": "Бурштинська ТЕС", "station_name_en": "Burshtyn TES", "oblast_name_en": "Ivano-Frankivsk", "area_m2": 2439812.35038816, "eor_source": "https://web.archive.org/web/20251225222529/https://twitter.com/GeoliticsWorld/status/1587772626256142336", "eor_description": "Fire at the transmission substation of the Burshtyn Thermal Power Plant in Dem'yaniv, Ivano-Frankivsk Oblast", "eor_first_date": "2022-10-10T00:00:00", "eor_all_dates": "[Timestamp('2022-10-10 00:00:00'), Timestamp('2024-03-24 00:00:00'), Timestamp('2024-03-29 00:00:00'), Timestamp('2024-04-07 00:00:00'), Timestamp('2024-06-01 00:00:00'), Timestamp('2024-12-30 00:00:00'), Timestamp('2025-10-30 00:00:00')]", "infra_type": "Thermal", "latitude": 49.210580905544674, "longitude": 24.662699590885754, "attack_waves": [ "wave3", "wave6", "wave7" ], "n_attack_waves": 3, "attack_waves_str": "wave3, wave6, wave7" }, "geometry": { "type": "Polygon", "coordinates": [ [ [ 24.6513816, 49.218324 ], [ 24.6525156, 49.2174675 ], [ 24.6512095, 49.2169565 ], [ 24.6522474, 49.2162095 ], [ 24.651683, 49.2158479 ], [ 24.6530628, 49.2144592 ], [ 24.6542671, 49.21328 ], [ 24.6552625, 49.2123722 ], [ 24.6556351, 49.2121043 ], [ 24.6561044, 49.2117959 ], [ 24.657754, 49.2106149 ], [ 24.6581188, 49.2104695 ], [ 24.6592641, 49.2097423 ], [ 24.6601378, 49.209083 ], [ 24.6607742, 49.2089924 ], [ 24.6661911, 49.2051433 ], [ 24.6669407, 49.2048504 ], [ 24.6702015, 49.2025591 ], [ 24.6725754, 49.2008953 ], [ 24.6732404, 49.2012464 ], [ 24.6735157, 49.2013889 ], [ 24.6737515, 49.2020757 ], [ 24.6730568, 49.2046351 ], [ 24.6725126, 49.2067066 ], [ 24.6724096, 49.2069386 ], [ 24.671933, 49.2069868 ], [ 24.6714199, 49.2073855 ], [ 24.6713984, 49.2074643 ], [ 24.6717016, 49.2076087 ], [ 24.6718383, 49.2075835 ], [ 24.6720907, 49.2077279 ], [ 24.6664451, 49.2116912 ], [ 24.6660062, 49.2119993 ], [ 24.6653339, 49.2115944 ], [ 24.6650835, 49.2117097 ], [ 24.6644115, 49.212149 ], [ 24.6629043, 49.2132393 ], [ 24.6627912, 49.2131898 ], [ 24.6595725, 49.215535 ], [ 24.6561794, 49.2177914 ], [ 24.6528878, 49.2200919 ], [ 24.6525532, 49.2199149 ], [ 24.6521696, 49.219978 ], [ 24.6511397, 49.2193105 ], [ 24.6511102, 49.2190617 ], [ 24.6513816, 49.218324 ] ] ] } },
{ "type": "Feature", "properties": { "osm_id": 6674937, "name": "Київська ТЕЦ-5", "station_name_en": "Kyiv CHP-5 Power Plant", "oblast_name_en": "Kiev City", "area_m2": 828712.52901298227, "eor_source": "https://web.archive.org/web/20251225222529/https://twitter.com/tinso_ww/status/1579374197163593728", "eor_description": "Explosion following strike at thermal power station 5", "eor_first_date": "2022-10-10T00:00:00", "eor_all_dates": "[Timestamp('2022-10-10 00:00:00'), Timestamp('2025-10-22 00:00:00')]", "infra_type": "CHP", "latitude": 50.394111457905915, "longitude": 30.568925737628415, "attack_waves": [ "wave3", "wave7" ], "n_attack_waves": 2, "attack_waves_str": "wave3, wave7" }, "geometry": { "type": "Polygon", "coordinates": [ [ [ 30.5668066, 50.3979899 ], [ 30.5668718, 50.3982535 ], [ 30.5675266, 50.3980272 ], [ 30.5676952, 50.3979605 ], [ 30.5679286, 50.3978682 ], [ 30.5680166, 50.3978345 ], [ 30.570576, 50.3968707 ], [ 30.5709432, 50.3967647 ], [ 30.573465, 50.3957729 ], [ 30.5734352, 50.3954264 ], [ 30.5733064, 50.3942923 ], [ 30.5732179, 50.3941007 ], [ 30.5725017, 50.3943059 ], [ 30.5721369, 50.3939545 ], [ 30.572314, 50.3938827 ], [ 30.5720431, 50.3935861 ], [ 30.5718513, 50.3936651 ], [ 30.5714677, 50.393277 ], [ 30.573018, 50.3926238 ], [ 30.5722161, 50.3925161 ], [ 30.571974, 50.3922086 ], [ 30.5716756, 50.3918295 ], [ 30.572554, 50.3914636 ], [ 30.5725621, 50.3910249 ], [ 30.5723099, 50.3910899 ], [ 30.5712518, 50.3909638 ], [ 30.5710895, 50.3910502 ], [ 30.5707569, 50.3907603 ], [ 30.5701508, 50.3903978 ], [ 30.5699067, 50.3901815 ], [ 30.5692335, 50.3905038 ], [ 30.5693072, 50.390839 ], [ 30.5691771, 50.3908881 ], [ 30.5693434, 50.391384 ], [ 30.568465, 50.3916132 ], [ 30.56657, 50.3916397 ], [ 30.5665673, 50.3918107 ], [ 30.5663903, 50.3918107 ], [ 30.5663876, 50.3918722 ], [ 30.5657466, 50.3918671 ], [ 30.5655977, 50.3920437 ], [ 30.5652061, 50.3919274 ], [ 30.5650988, 50.3919411 ], [ 30.5641735, 50.3931329 ], [ 30.563468, 50.3937511 ], [ 30.5636773, 50.393905 ], [ 30.5632588, 50.3940777 ], [ 30.5633299, 50.3941609 ], [ 30.5632581, 50.3942011 ], [ 30.563354, 50.3942524 ], [ 30.564052, 50.3939068 ], [ 30.5644557, 50.3943407 ], [ 30.5648466, 50.3947626 ], [ 30.5654977, 50.3945061 ], [ 30.5667704, 50.3958107 ], [ 30.5670212, 50.395709 ], [ 30.5675444, 50.3962484 ], [ 30.5676448, 50.3963536 ], [ 30.5665907, 50.3967563 ], [ 30.5665679, 50.3968845 ], [ 30.5667087, 50.3974701 ], [ 30.5668066, 50.3979899 ] ] ] } },
{ "type": "Feature", "properties": { "osm_id": 5342588, "name": "Придніпровська ТЕС", "station_name_en": "Prydniprovska power station", "oblast_name_en": "Dnipropetrovsk", "area_m2": 1779603.1113863506, "eor_source": "https://web.archive.org/web/20251225222529/https://twitter.com/GeoliticsWorld/status/1587816606448631808", "eor_description": "Crater at the transmission substation of the Prydniprovska TPP in Dnipro, Dnipropetrovsk Oblast", "eor_first_date": "2022-10-11T00:00:00", "eor_all_dates": "[Timestamp('2022-10-11 00:00:00'), Timestamp('2022-10-18 00:00:00'), Timestamp('2024-03-28 00:00:00'), Timestamp('2024-04-26 00:00:00'), Timestamp('2024-12-25 00:00:00'), Timestamp('2025-10-10 00:00:00')]", "infra_type": "Thermal", "latitude": 48.406592159057283, "longitude": 35.111021502253436, "attack_waves": [ "wave3", "wave6", "wave7" ], "n_attack_waves": 3, "attack_waves_str": "wave3, wave6, wave7" }, "geometry": { "type": "Polygon", "coordinates": [ [ [ 35.114204, 48.400948 ], [ 35.1141252, 48.4009556 ], [ 35.1140347, 48.4009033 ], [ 35.1140025, 48.4008962 ], [ 35.1139514, 48.4009114 ], [ 35.1136726, 48.4010849 ], [ 35.1136275, 48.4011304 ], [ 35.1136445, 48.4011833 ], [ 35.1136521, 48.4012348 ], [ 35.1136288, 48.4012718 ], [ 35.1135922, 48.4013499 ], [ 35.1133985, 48.401384 ], [ 35.1132846, 48.4013679 ], [ 35.1131443, 48.4012639 ], [ 35.1130661, 48.4011457 ], [ 35.1129821, 48.40098 ], [ 35.1129821, 48.4008429 ], [ 35.1131095, 48.4007168 ], [ 35.1132891, 48.4005957 ], [ 35.1133201, 48.4005017 ], [ 35.1133129, 48.4003562 ], [ 35.1132144, 48.400222 ], [ 35.1132105, 48.4002168 ], [ 35.113096, 48.3999887 ], [ 35.1131296, 48.399871 ], [ 35.1132846, 48.3996569 ], [ 35.113307, 48.3996137 ], [ 35.1133015, 48.3995595 ], [ 35.1132494, 48.3995179 ], [ 35.1130849, 48.3995086 ], [ 35.1124851, 48.3995091 ], [ 35.112131, 48.3995691 ], [ 35.111825, 48.3997284 ], [ 35.1115824, 48.399968 ], [ 35.1113897, 48.4002154 ], [ 35.1112432, 48.4003617 ], [ 35.1111933, 48.4004609 ], [ 35.1112075, 48.4005486 ], [ 35.1113924, 48.4006605 ], [ 35.1115685, 48.4006953 ], [ 35.1117609, 48.4006839 ], [ 35.1121313, 48.4005942 ], [ 35.1126855, 48.4003477 ], [ 35.1128714, 48.4002972 ], [ 35.1129516, 48.4003662 ], [ 35.1129109, 48.4004581 ], [ 35.1126411, 48.400701 ], [ 35.1126199, 48.4008336 ], [ 35.1128463, 48.4011956 ], [ 35.1129183, 48.4013914 ], [ 35.1129033, 48.4015042 ], [ 35.1127786, 48.4016062 ], [ 35.1125611, 48.4016363 ], [ 35.1124706, 48.4016946 ], [ 35.1123943, 48.4018326 ], [ 35.1120365, 48.401929 ], [ 35.1119666, 48.4020319 ], [ 35.1118994, 48.4020921 ], [ 35.1117853, 48.4020955 ], [ 35.1116223, 48.4020606 ], [ 35.1114075, 48.4020341 ], [ 35.1113551, 48.4020498 ], [ 35.1113174, 48.4021326 ], [ 35.1114189, 48.4021971 ], [ 35.1113476, 48.4023285 ], [ 35.1112449, 48.4024653 ], [ 35.1110999, 48.4025076 ], [ 35.1108557, 48.402511 ], [ 35.1107405, 48.4024868 ], [ 35.1106091, 48.4024855 ], [ 35.1105432, 48.4025067 ], [ 35.1104874, 48.4026441 ], [ 35.1104784, 48.4027458 ], [ 35.1104434, 48.4027569 ], [ 35.1104388, 48.4027234 ], [ 35.1104492, 48.4025801 ], [ 35.1104539, 48.4024749 ], [ 35.1104948, 48.4023621 ], [ 35.1106229, 48.4021829 ], [ 35.1106122, 48.402131 ], [ 35.1105419, 48.4020942 ], [ 35.1104601, 48.4020907 ], [ 35.1102962, 48.4021973 ], [ 35.1101866, 48.4023967 ], [ 35.1101867, 48.4027973 ], [ 35.1099873, 48.4030998 ], [ 35.1096446, 48.4033949 ], [ 35.1081304, 48.4045562 ], [ 35.1077741, 48.4048128 ], [ 35.1072797, 48.4051305 ], [ 35.1070041, 48.4051774 ], [ 35.1068794, 48.4052901 ], [ 35.106881, 48.4054511 ], [ 35.1068658, 48.4056407 ], [ 35.1063407, 48.4059621 ], [ 35.1064197, 48.4060179 ], [ 35.1062025, 48.4061974 ], [ 35.1060744, 48.4062634 ], [ 35.1059646, 48.4062525 ], [ 35.1058799, 48.4061711 ], [ 35.1057601, 48.4059871 ], [ 35.1055738, 48.4057639 ], [ 35.1055326, 48.4056495 ], [ 35.1055369, 48.4055333 ], [ 35.1055956, 48.4053985 ], [ 35.1057416, 48.4053127 ], [ 35.1059828, 48.4052796 ], [ 35.1061622, 48.4052562 ], [ 35.1062214, 48.4052036 ], [ 35.1061919, 48.4051449 ], [ 35.1061302, 48.4051111 ], [ 35.1059096, 48.405151 ], [ 35.1056129, 48.405197 ], [ 35.105425, 48.4052917 ], [ 35.1053601, 48.4054013 ], [ 35.1053247, 48.405535 ], [ 35.1053118, 48.4056425 ], [ 35.1053284, 48.4057554 ], [ 35.1055443, 48.4061038 ], [ 35.1057654, 48.4064166 ], [ 35.1058138, 48.4065898 ], [ 35.1058701, 48.4066811 ], [ 35.105858, 48.4067926 ], [ 35.1057052, 48.4069183 ], [ 35.1055864, 48.4070995 ], [ 35.1053514, 48.4073953 ], [ 35.1050735, 48.4077071 ], [ 35.1046524, 48.4082704 ], [ 35.1044982, 48.4085114 ], [ 35.1044315, 48.4088293 ], [ 35.1043635, 48.4092067 ], [ 35.1043994, 48.4094059 ], [ 35.1044992, 48.4095439 ], [ 35.1045564, 48.4097189 ], [ 35.1045686, 48.4098798 ], [ 35.1044082, 48.4101175 ], [ 35.1041719, 48.4103259 ], [ 35.1039459, 48.4105082 ], [ 35.1037665, 48.410622 ], [ 35.1037263, 48.4106792 ], [ 35.1035788, 48.4108084 ], [ 35.1033923, 48.4108544 ], [ 35.1032117, 48.4108824 ], [ 35.1029912, 48.4109366 ], [ 35.1028273, 48.4110156 ], [ 35.1027961, 48.4110682 ], [ 35.1028153, 48.4111115 ], [ 35.1028901, 48.4111256 ], [ 35.1030618, 48.4110864 ], [ 35.1032593, 48.4110179 ], [ 35.1034483, 48.4110052 ], [ 35.1035479, 48.4110121 ], [ 35.1036319, 48.4110055 ], [ 35.1037088, 48.4110311 ], [ 35.103778, 48.4111333 ], [ 35.1037507, 48.4113983 ], [ 35.1037322, 48.4118301 ], [ 35.1036379, 48.4118981 ], [ 35.103509, 48.412017 ], [ 35.1033166, 48.4120248 ], [ 35.1031502, 48.4120028 ], [ 35.1030205, 48.4119707 ], [ 35.1028017, 48.4118604 ], [ 35.1026492, 48.4117582 ], [ 35.1025456, 48.4116444 ], [ 35.1024595, 48.4115739 ], [ 35.1023983, 48.4115322 ], [ 35.102344, 48.4115312 ], [ 35.1022952, 48.4115502 ], [ 35.1022633, 48.4115899 ], [ 35.1022741, 48.4116473 ], [ 35.1023175, 48.411745 ], [ 35.102472, 48.4118589 ], [ 35.1025918, 48.4120134 ], [ 35.1027554, 48.4120974 ], [ 35.102842, 48.4121355 ], [ 35.1029305, 48.4121499 ], [ 35.1029936, 48.412149 ], [ 35.1030968, 48.4121496 ], [ 35.1032178, 48.4121781 ], [ 35.1033725, 48.4122842 ], [ 35.1033811, 48.4123511 ], [ 35.1041653, 48.4125642 ], [ 35.1043254, 48.4125956 ], [ 35.1045219, 48.4126197 ], [ 35.1047074, 48.4126197 ], [ 35.1048857, 48.4125907 ], [ 35.1050458, 48.41254 ], [ 35.1054417, 48.4123786 ], [ 35.1056239, 48.4122862 ], [ 35.1058244, 48.4122092 ], [ 35.1060136, 48.4121585 ], [ 35.1061919, 48.4121373 ], [ 35.1063536, 48.4121344 ], [ 35.1065468, 48.412152 ], [ 35.1067719, 48.4122051 ], [ 35.1068861, 48.4122473 ], [ 35.1070165, 48.4123075 ], [ 35.1103842, 48.411348 ], [ 35.110858, 48.4101469 ], [ 35.1140376, 48.4081886 ], [ 35.1142363, 48.4083284 ], [ 35.1180284, 48.4060167 ], [ 35.1178263, 48.4058738 ], [ 35.1197955, 48.4046683 ], [ 35.1185727, 48.403709 ], [ 35.1180453, 48.4033481 ], [ 35.1180046, 48.4033203 ], [ 35.1176851, 48.4031018 ], [ 35.117613, 48.4030525 ], [ 35.1148771, 48.4011065 ], [ 35.1146417, 48.4012458 ], [ 35.114204, 48.400948 ] ] ] } },
{ "type": "Feature", "properties": { "osm_id": 211430378, "name": "Миколаївська ТЕЦ", "station_name_en": null, "oblast_name_en": "Mykolayiv", "area_m2": 265434.24181107304, "eor_source": "https://web.archive.org/web/20251225222529/https://twitter.com/EuromaidanPress/status/1581964809062391808?s=20&t=SxrOMTLeCIJ40Go4S_Rr0A", "eor_description": "Damage to sunflower oil tanks in Mykolaiv", "eor_first_date": "2022-10-17T00:00:00", "eor_all_dates": "[Timestamp('2022-10-17 00:00:00'), Timestamp('2025-02-16 00:00:00')]", "infra_type": "CHP", "latitude": 46.950103278251802, "longitude": 31.987191494544309, "attack_waves": [ "wave3", "wave7" ], "n_attack_waves": 2, "attack_waves_str": "wave3, wave7" }, "geometry": { "type": "Polygon", "coordinates": [ [ [ 31.9854857, 46.9482878 ], [ 31.9859754, 46.9483212 ], [ 31.9862596, 46.94834 ], [ 31.9862793, 46.9483422 ], [ 31.986314, 46.9483459 ], [ 31.9864485, 46.948359 ], [ 31.9867862, 46.9483924 ], [ 31.9868798, 46.9484017 ], [ 31.9871396, 46.9484285 ], [ 31.9875588, 46.9484501 ], [ 31.9876472, 46.9484584 ], [ 31.9877485, 46.9484644 ], [ 31.988311, 46.9485118 ], [ 31.9884638, 46.9485231 ], [ 31.9888052, 46.9485484 ], [ 31.9890132, 46.9486146 ], [ 31.9891016, 46.9486427 ], [ 31.9894449, 46.9486335 ], [ 31.9895514, 46.9487216 ], [ 31.9896071, 46.948772 ], [ 31.9896877, 46.9488451 ], [ 31.9897893, 46.948811 ], [ 31.9898097, 46.9488551 ], [ 31.9898801, 46.9488345 ], [ 31.9899365, 46.949058 ], [ 31.9899425, 46.9490776 ], [ 31.9899474, 46.9491055 ], [ 31.989951, 46.9491194 ], [ 31.9899939, 46.9492867 ], [ 31.9899997, 46.9493091 ], [ 31.9900044, 46.9493274 ], [ 31.990028, 46.9494265 ], [ 31.990052, 46.9495274 ], [ 31.9901218, 46.9498021 ], [ 31.990233, 46.9502401 ], [ 31.9889802, 46.9508111 ], [ 31.9888488, 46.9508708 ], [ 31.9887334, 46.9509231 ], [ 31.9876103, 46.9514331 ], [ 31.986296, 46.952035 ], [ 31.9862679, 46.9520103 ], [ 31.9862263, 46.951976 ], [ 31.9860667, 46.9519128 ], [ 31.9859594, 46.9520025 ], [ 31.9854954, 46.9522781 ], [ 31.9849231, 46.952634 ], [ 31.984853, 46.9525665 ], [ 31.984785, 46.9524356 ], [ 31.9847259, 46.9523219 ], [ 31.9847202, 46.9522113 ], [ 31.9847538, 46.9520209 ], [ 31.9849603, 46.9509965 ], [ 31.9850165, 46.9507178 ], [ 31.9850616, 46.9504937 ], [ 31.9851047, 46.9502673 ], [ 31.9851086, 46.9502463 ], [ 31.9851659, 46.9499316 ], [ 31.9851872, 46.9498141 ], [ 31.9852059, 46.9497242 ], [ 31.9852385, 46.9497274 ], [ 31.9853136, 46.9493671 ], [ 31.985329, 46.9492934 ], [ 31.9853307, 46.949276 ], [ 31.9853322, 46.9492599 ], [ 31.9854155, 46.9488466 ], [ 31.9855015, 46.9484201 ], [ 31.9855021, 46.9484129 ], [ 31.9854578, 46.9484074 ], [ 31.9854857, 46.9482878 ] ] ] } },
{ "type": "Feature", "properties": { "osm_id": 113308943, "name": "Дніпровська ГЕС", "station_name_en": "Dnieper Hydroelectric Station", "oblast_name_en": "Zaporizhia", "area_m2": 145793.49765025536, "eor_source": "https://web.archive.org/web/20251225222529/https://twitter.com/revishvilig/status/1586979566622580736", "eor_description": "Russian strike on the Dnipro Hydroelectric Power Plant in Zaporizhzhia, the fifth largest Ukrainian plant", "eor_first_date": "2022-10-31T00:00:00", "eor_all_dates": "[Timestamp('2022-10-31 00:00:00'), Timestamp('2022-12-16 00:00:00'), Timestamp('2024-03-22 00:00:00'), Timestamp('2024-05-08 00:00:00'), Timestamp('2024-06-01 00:00:00'), Timestamp('2025-10-10 00:00:00')]", "infra_type": "Hydro", "latitude": 47.868269102830432, "longitude": 35.086936216620053, "attack_waves": [ "wave3", "wave4", "wave6", "wave7" ], "n_attack_waves": 4, "attack_waves_str": "wave3, wave4, wave6, wave7" }, "geometry": { "type": "Polygon", "coordinates": [ [ [ 35.0899686, 47.8664375 ], [ 35.0902487, 47.8660586 ], [ 35.0902901, 47.8660018 ], [ 35.0903358, 47.8659397 ], [ 35.0909676, 47.8660917 ], [ 35.0914072, 47.8661913 ], [ 35.0915191, 47.8659849 ], [ 35.0917637, 47.866097 ], [ 35.0916751, 47.8662265 ], [ 35.0916389, 47.8663314 ], [ 35.0915726, 47.8664474 ], [ 35.091482, 47.866527 ], [ 35.0914244, 47.8665972 ], [ 35.0913211, 47.8667448 ], [ 35.0909704, 47.867205 ], [ 35.0906673, 47.8675324 ], [ 35.0904138, 47.8677906 ], [ 35.0901121, 47.8680408 ], [ 35.089695, 47.8683556 ], [ 35.0894617, 47.8685077 ], [ 35.0892082, 47.8686507 ], [ 35.0889279, 47.8687983 ], [ 35.0885189, 47.8689971 ], [ 35.0881688, 47.8691401 ], [ 35.0877517, 47.8692931 ], [ 35.0873682, 47.8694145 ], [ 35.0869136, 47.8695459 ], [ 35.0865716, 47.8696439 ], [ 35.0864951, 47.8696709 ], [ 35.0863691, 47.8696889 ], [ 35.0858353, 47.869769 ], [ 35.0853431, 47.8698688 ], [ 35.0852077, 47.8698931 ], [ 35.085095, 47.8699012 ], [ 35.0848603, 47.869894 ], [ 35.0844473, 47.8698778 ], [ 35.0842153, 47.8698715 ], [ 35.0835702, 47.8699183 ], [ 35.0833972, 47.8699192 ], [ 35.0832497, 47.8699021 ], [ 35.083137, 47.8698446 ], [ 35.0830807, 47.8697483 ], [ 35.0830324, 47.8696376 ], [ 35.0829989, 47.8695846 ], [ 35.0802684, 47.869294 ], [ 35.0798797, 47.8692684 ], [ 35.0800599, 47.8686007 ], [ 35.0802509, 47.8686354 ], [ 35.0830163, 47.8690241 ], [ 35.0830693, 47.8690218 ], [ 35.0830834, 47.8689926 ], [ 35.0831216, 47.8688741 ], [ 35.0831357, 47.8688626 ], [ 35.0831558, 47.8688588 ], [ 35.0831709, 47.8688675 ], [ 35.0831749, 47.868886 ], [ 35.0831699, 47.8689139 ], [ 35.083143, 47.8690119 ], [ 35.0831062, 47.8691928 ], [ 35.0830653, 47.8693277 ], [ 35.0831947, 47.8693646 ], [ 35.0832523, 47.8693871 ], [ 35.0832872, 47.8694159 ], [ 35.083306, 47.8694613 ], [ 35.0833482, 47.8696039 ], [ 35.0833704, 47.8696394 ], [ 35.0834307, 47.8696484 ], [ 35.0836949, 47.8696187 ], [ 35.0839511, 47.8695945 ], [ 35.0841469, 47.8695936 ], [ 35.0845318, 47.8695927 ], [ 35.0849113, 47.86959 ], [ 35.0852117, 47.869563 ], [ 35.0854155, 47.8695306 ], [ 35.0857361, 47.8694658 ], [ 35.0860043, 47.8694226 ], [ 35.0864133, 47.8693318 ], [ 35.0869055, 47.8691968 ], [ 35.0873642, 47.8690592 ], [ 35.0876901, 47.8689377 ], [ 35.0880347, 47.8687974 ], [ 35.0884652, 47.8686012 ], [ 35.0888085, 47.868433 ], [ 35.0888354, 47.8684033 ], [ 35.0888126, 47.8683682 ], [ 35.0882667, 47.8679463 ], [ 35.0887589, 47.8676503 ], [ 35.0890231, 47.8674407 ], [ 35.0893369, 47.8671564 ], [ 35.0896199, 47.8668658 ], [ 35.0899418, 47.866478 ], [ 35.0899686, 47.8664375 ] ] ] } },
{ "type": "Feature", "properties": { "osm_id": 259242291, "name": "Кременчуцька ГЕС", "station_name_en": "Kremenchug Hydroelectric Power Plant", "oblast_name_en": "Poltava", "area_m2": 55699.7659134926, "eor_source": "https://web.archive.org/web/20251225222529/https://twitter.com/glosmeusec/status/1586989475795697666", "eor_description": "The Kremenchuk hydro power plant got hit. Transformer infrastructure of the powerplants substation seems to be burning on 31. 10.", "eor_first_date": "2022-10-31T00:00:00", "eor_all_dates": "[Timestamp('2022-10-31 00:00:00'), Timestamp('2024-11-17 00:00:00'), Timestamp('2024-12-20 00:00:00'), Timestamp('2025-10-10 00:00:00')]", "infra_type": "Hydro", "latitude": 49.07746546580816, "longitude": 33.250621656639353, "attack_waves": [ "wave3", "wave7" ], "n_attack_waves": 2, "attack_waves_str": "wave3, wave7" }, "geometry": { "type": "Polygon", "coordinates": [ [ [ 33.2504046, 49.0757079 ], [ 33.2499984, 49.0792019 ], [ 33.2508215, 49.0792427 ], [ 33.2512572, 49.0757504 ], [ 33.2504046, 49.0757079 ] ] ] } },
{ "type": "Feature", "properties": { "osm_id": 304278986, "name": "Старобешівська ТЕС", "station_name_en": "Starobeshivska TPP", "oblast_name_en": "Donetsk", "area_m2": 2435072.1053410945, "eor_source": "https://web.archive.org/web/20251225222529/https://t.me/DNR_SCKK/13337", "eor_description": "Damage to the Starobeshevskaya Thermal Power Plant", "eor_first_date": "2023-01-08T00:00:00", "eor_all_dates": "[Timestamp('2023-01-08 00:00:00')]", "infra_type": "Thermal", "latitude": 47.80184749156988, "longitude": 38.006584338360788, "attack_waves": [ "wave4" ], "n_attack_waves": 1, "attack_waves_str": "wave4" }, "geometry": { "type": "Polygon", "coordinates": [ [ [ 37.9980787, 47.7978745 ], [ 37.9981834, 47.7984964 ], [ 37.9985772, 47.7986144 ], [ 37.9991313, 47.8005028 ], [ 37.9995933, 47.8014703 ], [ 37.9998077, 47.8020667 ], [ 38.0000052, 47.8024207 ], [ 38.0005186, 47.8027466 ], [ 38.0012006, 47.8029783 ], [ 38.0027195, 47.8031596 ], [ 38.0022888, 47.8039418 ], [ 38.0047006, 47.8048704 ], [ 38.0057313, 47.8052511 ], [ 38.0062914, 47.8051834 ], [ 38.0067697, 47.8051643 ], [ 38.0072118, 47.8052397 ], [ 38.0074595, 47.8054497 ], [ 38.0088195, 47.806865 ], [ 38.0086952, 47.8070034 ], [ 38.009575, 47.8079528 ], [ 38.0162928, 47.8150905 ], [ 38.0178819, 47.8144578 ], [ 38.0173374, 47.8141262 ], [ 38.0170843, 47.8139629 ], [ 38.0159052, 47.8128055 ], [ 38.0162227, 47.8126668 ], [ 38.0155011, 47.8116449 ], [ 38.0151248, 47.8118119 ], [ 38.0121877, 47.8086042 ], [ 38.0128216, 47.8082446 ], [ 38.0135382, 47.8080364 ], [ 38.0115327, 47.8030063 ], [ 38.0111302, 47.8021658 ], [ 38.0085211, 47.7957308 ], [ 38.0097377, 47.795501 ], [ 38.0095093, 47.7944532 ], [ 38.0094612, 47.7943155 ], [ 38.0081652, 47.7945179 ], [ 38.0069796, 47.795181 ], [ 38.0059733, 47.7953761 ], [ 38.0059555, 47.7953252 ], [ 38.0055501, 47.7953873 ], [ 38.0055612, 47.7954611 ], [ 38.0052098, 47.795521 ], [ 38.0049311, 47.7946781 ], [ 38.004746, 47.7947138 ], [ 38.0047843, 47.7947977 ], [ 38.0048909, 47.7947795 ], [ 38.0049771, 47.7950017 ], [ 38.0049628, 47.7950717 ], [ 38.0049203, 47.795088 ], [ 38.0048843, 47.7950028 ], [ 38.0041818, 47.7951388 ], [ 38.0042102, 47.7952112 ], [ 38.004018, 47.7952649 ], [ 38.0038386, 47.7949522 ], [ 38.0036977, 47.7949149 ], [ 38.0033032, 47.7949171 ], [ 38.0024784, 47.795057 ], [ 38.0021351, 47.7951798 ], [ 38.0021034, 47.7953622 ], [ 38.0022036, 47.7954007 ], [ 38.0023467, 47.7953564 ], [ 38.0022897, 47.7955493 ], [ 38.002064, 47.7957132 ], [ 38.0007484, 47.7957971 ], [ 38.0002278, 47.7955103 ], [ 37.9994356, 47.7954964 ], [ 37.9988674, 47.7961993 ], [ 37.9979986, 47.7968615 ], [ 37.9977883, 47.7975191 ], [ 37.9980787, 47.7978745 ] ] ] } },
{ "type": "Feature", "properties": { "osm_id": 331042345, "name": "Ладижинська ТЕС", "station_name_en": "Ladyzhyn Thermal Power Plant", "oblast_name_en": "Vinnytsya", "area_m2": 1819721.0967326143, "eor_source": "https://web.archive.org/web/20251225222529/https://x.com/Alerivan_/status/1910287311993971183", "eor_description": "Damage to Burshtyn TPP", "eor_first_date": "2023-01-14T00:00:00", "eor_all_dates": "[Timestamp('2023-01-14 00:00:00'), Timestamp('2024-03-22 00:00:00'), Timestamp('2024-05-08 00:00:00'), Timestamp('2024-11-17 00:00:00'), Timestamp('2025-10-30 00:00:00')]", "infra_type": "Thermal", "latitude": 48.70457254783603, "longitude": 29.219722770204303, "attack_waves": [ "wave4", "wave6", "wave7" ], "n_attack_waves": 3, "attack_waves_str": "wave4, wave6, wave7" }, "geometry": { "type": "Polygon", "coordinates": [ [ [ 29.2086989, 48.7064785 ], [ 29.2093309, 48.7070101 ], [ 29.2096435, 48.7069098 ], [ 29.2099185, 48.7068024 ], [ 29.2102543, 48.7066634 ], [ 29.2109455, 48.7068235 ], [ 29.2120368, 48.706553 ], [ 29.2124845, 48.706441 ], [ 29.2126575, 48.706581 ], [ 29.2126687, 48.7065901 ], [ 29.2131778, 48.7073124 ], [ 29.2134691, 48.7073052 ], [ 29.2139413, 48.7077222 ], [ 29.2145451, 48.7075686 ], [ 29.2146561, 48.7077776 ], [ 29.2152088, 48.7080617 ], [ 29.2156579, 48.7086688 ], [ 29.2164657, 48.7084939 ], [ 29.2167214, 48.7089919 ], [ 29.217032, 48.7089224 ], [ 29.2173065, 48.7094138 ], [ 29.217449, 48.7094741 ], [ 29.2179378, 48.7092883 ], [ 29.2187192, 48.7088159 ], [ 29.2194753, 48.7094261 ], [ 29.2200956, 48.7094636 ], [ 29.2211326, 48.7088813 ], [ 29.2212228, 48.7086166 ], [ 29.2212751, 48.7085507 ], [ 29.2213543, 48.7084932 ], [ 29.2214683, 48.7084277 ], [ 29.2217056, 48.7083109 ], [ 29.22199, 48.7081569 ], [ 29.2222247, 48.708025 ], [ 29.2222877, 48.7079834 ], [ 29.222336, 48.7079489 ], [ 29.2224111, 48.70791 ], [ 29.2224835, 48.7078781 ], [ 29.2225257, 48.7078662 ], [ 29.2225546, 48.7078613 ], [ 29.2236492, 48.7072619 ], [ 29.2245186, 48.7067868 ], [ 29.223798, 48.7062275 ], [ 29.2238438, 48.7062013 ], [ 29.2234442, 48.7058887 ], [ 29.2237573, 48.7057256 ], [ 29.2241805, 48.7055052 ], [ 29.2243942, 48.7056717 ], [ 29.2250086, 48.7053547 ], [ 29.2242774, 48.7048179 ], [ 29.2298689, 48.7018204 ], [ 29.2297552, 48.7017346 ], [ 29.2294198, 48.7014333 ], [ 29.2274954, 48.6998185 ], [ 29.2273656, 48.6997545 ], [ 29.2272618, 48.6998543 ], [ 29.2269406, 48.7000311 ], [ 29.2236346, 48.7018507 ], [ 29.22265, 48.7010656 ], [ 29.2216644, 48.7002175 ], [ 29.2206263, 48.6996217 ], [ 29.2186025, 48.7011345 ], [ 29.2153471, 48.7028473 ], [ 29.2148747, 48.7031178 ], [ 29.2139107, 48.7036392 ], [ 29.2094353, 48.7060598 ], [ 29.2086989, 48.7064785 ] ] ] } },
{ "type": "Feature", "properties": { "osm_id": 86492178, "name": "ТЕЦ-5", "station_name_en": "Kharkiv-5 Power Plant", "oblast_name_en": "Kharkiv", "area_m2": 1029099.2645252874, "eor_source": "https://web.archive.org/web/20251225222529/https://t.me/voenacher/39355", "eor_description": "Heavy damage to Kharkiv TPP No.5", "eor_first_date": "2023-02-10T00:00:00", "eor_all_dates": "[Timestamp('2023-02-10 00:00:00'), Timestamp('2024-03-22 00:00:00'), Timestamp('2025-02-28 00:00:00')]", "infra_type": "CHP", "latitude": 49.97083722186099, "longitude": 36.112428728950043, "attack_waves": [ "wave4", "wave6", "wave7" ], "n_attack_waves": 3, "attack_waves_str": "wave4, wave6, wave7" }, "geometry": { "type": "Polygon", "coordinates": [ [ [ 36.1058859, 49.9684895 ], [ 36.1057624, 49.9725517 ], [ 36.112884, 49.9728001 ], [ 36.1199835, 49.9729643 ], [ 36.1201324, 49.9703298 ], [ 36.1163081, 49.9701853 ], [ 36.1164864, 49.968719 ], [ 36.1058859, 49.9684895 ] ] ] } },
{ "type": "Feature", "properties": { "osm_id": 124061051, "name": "Криворізька ТЕС", "station_name_en": "Kryvoy Rog TEPS", "oblast_name_en": "Dnipropetrovsk", "area_m2": 865828.02552323823, "eor_source": "https://web.archive.org/web/20251225222529/https://x.com/Alerivan_/status/1910283457126686881", "eor_description": "Damage to Kryvyi Rih TPP", "eor_first_date": "2023-02-10T00:00:00", "eor_all_dates": "[Timestamp('2023-02-10 00:00:00'), Timestamp('2024-03-28 00:00:00'), Timestamp('2024-06-01 00:00:00'), Timestamp('2025-01-15 00:00:00')]", "infra_type": "Thermal", "latitude": 47.544925816209243, "longitude": 33.659450020325245, "attack_waves": [ "wave4", "wave6", "wave7" ], "n_attack_waves": 3, "attack_waves_str": "wave4, wave6, wave7" }, "geometry": { "type": "Polygon", "coordinates": [ [ [ 33.6607518, 47.5503579 ], [ 33.6585224, 47.5501172 ], [ 33.6585531, 47.5489024 ], [ 33.6564819, 47.5484796 ], [ 33.6560173, 47.5481321 ], [ 33.6562182, 47.5469965 ], [ 33.6564944, 47.5458184 ], [ 33.6578001, 47.5401469 ], [ 33.6629485, 47.5407069 ], [ 33.6607518, 47.5503579 ] ] ] } },
{ "type": "Feature", "properties": { "osm_id": 372082535, "name": "Херсонська ТЕЦ", "station_name_en": null, "oblast_name_en": "Kherson", "area_m2": 495687.59756322333, "eor_source": "https://web.archive.org/web/20251225222529/https://twitter.com/kava2402/status/1685959172074999808", "eor_description": "Russian FPV drone damages a tower of the Kherson Thermal Power Plant. Date unknown", "eor_first_date": "2023-07-31T00:00:00", "eor_all_dates": "[Timestamp('2023-07-31 00:00:00'), Timestamp('2024-04-15 00:00:00'), Timestamp('2024-11-27 00:00:00'), Timestamp('2025-02-07 00:00:00'), Timestamp('2025-02-14 00:00:00'), Timestamp('2025-07-22 00:00:00'), Timestamp('2025-07-25 00:00:00'), Timestamp('2025-08-04 00:00:00'), Timestamp('2025-12-04 00:00:00'), Timestamp('2025-12-05 00:00:00'), Timestamp('2025-12-06 00:00:00')]", "infra_type": "CHP", "latitude": 46.675854573939255, "longitude": 32.64995262777002, "attack_waves": [ "wave5", "wave6", "wave7" ], "n_attack_waves": 3, "attack_waves_str": "wave5, wave6, wave7" }, "geometry": { "type": "Polygon", "coordinates": [ [ [ 32.6480586, 46.6783126 ], [ 32.648557, 46.6780603 ], [ 32.6486891, 46.6781766 ], [ 32.6490146, 46.6782798 ], [ 32.6490171, 46.6783164 ], [ 32.6494239, 46.6784038 ], [ 32.6495165, 46.6784986 ], [ 32.6495902, 46.6784775 ], [ 32.6501763, 46.6786228 ], [ 32.6503206, 46.6785964 ], [ 32.6537063, 46.6765533 ], [ 32.6534709, 46.6751585 ], [ 32.6503069, 46.6727175 ], [ 32.6475917, 46.6743918 ], [ 32.647588, 46.6745852 ], [ 32.6466385, 46.6751668 ], [ 32.6468917, 46.6753538 ], [ 32.6454379, 46.6762191 ], [ 32.6463181, 46.6769461 ], [ 32.6469689, 46.6765566 ], [ 32.6480469, 46.6773941 ], [ 32.6473936, 46.6777856 ], [ 32.6477603, 46.6780768 ], [ 32.6478425, 46.6781421 ], [ 32.6480586, 46.6783126 ] ] ] } },
{ "type": "Feature", "properties": { "osm_id": 281269420, "name": "Курахівська ТЕС", "station_name_en": "Kurakhove Power Station", "oblast_name_en": "Donetsk", "area_m2": 1770154.1640668253, "eor_source": "https://web.archive.org/web/20251225222529/https://t.me/novosti_donbass24/57434", "eor_description": "Damage at the Kurakhove Power Station", "eor_first_date": "2023-10-22T00:00:00", "eor_all_dates": "[Timestamp('2023-10-22 00:00:00'), Timestamp('2023-12-27 00:00:00'), Timestamp('2024-02-22 00:00:00'), Timestamp('2024-02-28 00:00:00'), Timestamp('2024-03-18 00:00:00'), Timestamp('2024-09-30 00:00:00'), Timestamp('2024-11-13 00:00:00'), Timestamp('2024-11-14 00:00:00'), Timestamp('2024-11-21 00:00:00'), Timestamp('2024-11-22 00:00:00')]", "infra_type": "Thermal", "latitude": 47.994086588396456, "longitude": 37.239129272395246, "attack_waves": [ "wave5", "wave7" ], "n_attack_waves": 2, "attack_waves_str": "wave5, wave7" }, "geometry": { "type": "Polygon", "coordinates": [ [ [ 37.2348387, 47.9986775 ], [ 37.2355084, 47.9991305 ], [ 37.2359527, 47.9990695 ], [ 37.2362211, 47.9991577 ], [ 37.2375501, 47.9990718 ], [ 37.240293, 47.9985783 ], [ 37.240022, 47.997415 ], [ 37.2455583, 47.9967526 ], [ 37.2460488, 47.9964717 ], [ 37.2460923, 47.9957134 ], [ 37.245943, 47.9949845 ], [ 37.2453842, 47.9950731 ], [ 37.2452053, 47.9949697 ], [ 37.2451743, 47.9947467 ], [ 37.2449141, 47.9937377 ], [ 37.2451034, 47.9936033 ], [ 37.2456694, 47.9934543 ], [ 37.2456399, 47.9932945 ], [ 37.2467854, 47.9926269 ], [ 37.2463567, 47.9911408 ], [ 37.2444202, 47.9911973 ], [ 37.2439747, 47.9901109 ], [ 37.2434565, 47.9901604 ], [ 37.2434458, 47.9901317 ], [ 37.233215, 47.990611 ], [ 37.2318414, 47.99199 ], [ 37.2319478, 47.9924508 ], [ 37.232202, 47.992433 ], [ 37.2325695, 47.9937415 ], [ 37.2317876, 47.9938357 ], [ 37.2317826, 47.9939344 ], [ 37.2313177, 47.9939541 ], [ 37.2314135, 47.9942211 ], [ 37.2324826, 47.9952364 ], [ 37.2347003, 47.994943 ], [ 37.2345032, 47.9952348 ], [ 37.234675, 47.9960668 ], [ 37.2342391, 47.9962643 ], [ 37.2341493, 47.9963441 ], [ 37.2342767, 47.9965586 ], [ 37.2343732, 47.9966322 ], [ 37.2348373, 47.996503 ], [ 37.2351549, 47.9976726 ], [ 37.2346039, 47.9977488 ], [ 37.2346175, 47.9978498 ], [ 37.2347884, 47.9984222 ], [ 37.2348387, 47.9986775 ] ] ] } },
{ "type": "Feature", "properties": { "osm_id": 147292548, "name": "ДП ТЕЦ-2 \"Есхар\"", "station_name_en": "SE TES-2 Eshar", "oblast_name_en": "Kharkiv", "area_m2": 575006.94485811645, "eor_source": "https://web.archive.org/web/20251225222529/https://twitter.com/GeoliticsWorld/status/1778785851062804624", "eor_description": "Damage to the Thermal power plant number 2 in Kharkiv", "eor_first_date": "2024-04-11T00:00:00", "eor_all_dates": "[Timestamp('2024-04-11 00:00:00'), Timestamp('2024-09-01 00:00:00'), Timestamp('2025-10-04 00:00:00')]", "infra_type": "CHP", "latitude": 49.803172178919574, "longitude": 36.599509697116758, "attack_waves": [ "wave6", "wave7" ], "n_attack_waves": 2, "attack_waves_str": "wave6, wave7" }, "geometry": { "type": "Polygon", "coordinates": [ [ [ 36.5989801, 49.7994933 ], [ 36.5994888, 49.799837 ], [ 36.5997282, 49.7999988 ], [ 36.5998607, 49.8000884 ], [ 36.5997901, 49.8001335 ], [ 36.6000076, 49.8002473 ], [ 36.6001266, 49.8003095 ], [ 36.600142, 49.8003175 ], [ 36.6006042, 49.800584 ], [ 36.6005023, 49.8006576 ], [ 36.6002845, 49.8008355 ], [ 36.6028094, 49.8022285 ], [ 36.602835, 49.8025921 ], [ 36.6024963, 49.8028661 ], [ 36.602743, 49.8030037 ], [ 36.6035789, 49.8035086 ], [ 36.6026462, 49.8041578 ], [ 36.6012444, 49.8051623 ], [ 36.5992182, 49.8067673 ], [ 36.6004413, 49.807948 ], [ 36.6001651, 49.808104 ], [ 36.5998383, 49.8078578 ], [ 36.5995328, 49.8076072 ], [ 36.5992368, 49.8073446 ], [ 36.5989622, 49.8070223 ], [ 36.5984601, 49.8064452 ], [ 36.5981256, 49.8058319 ], [ 36.5973021, 49.8043481 ], [ 36.5967848, 49.8033592 ], [ 36.5962797, 49.8023546 ], [ 36.5964292, 49.8021075 ], [ 36.5964122, 49.8013291 ], [ 36.5989801, 49.7994933 ] ] ] } },
{ "type": "Feature", "properties": { "osm_id": 200394299, "name": "Добротвірська ТЕС", "station_name_en": "Dobrotvir power station", "oblast_name_en": "Lviv", "area_m2": 1389786.9194930489, "eor_source": "https://web.archive.org/web/20251225222529/https://twitter.com/GeoliticsWorld/status/1783494325491376181", "eor_description": "Damage to roof the Dobrotvorskaya Thermal power plant", "eor_first_date": "2024-04-20T00:00:00", "eor_all_dates": "[Timestamp('2024-04-20 00:00:00'), Timestamp('2024-04-26 00:00:00'), Timestamp('2024-05-08 00:00:00')]", "infra_type": "Thermal", "latitude": 50.213698196969318, "longitude": 24.375249977273214, "attack_waves": [ "wave6" ], "n_attack_waves": 1, "attack_waves_str": "wave6" }, "geometry": { "type": "Polygon", "coordinates": [ [ [ 24.3706543, 50.2094819 ], [ 24.3685771, 50.2127139 ], [ 24.3685557, 50.2133777 ], [ 24.3689992, 50.2144524 ], [ 24.3704339, 50.2142485 ], [ 24.3714365, 50.2157128 ], [ 24.3718877, 50.2160757 ], [ 24.3718134, 50.2162057 ], [ 24.3733225, 50.2168393 ], [ 24.3789499, 50.2180202 ], [ 24.380182, 50.2160236 ], [ 24.3803526, 50.215963 ], [ 24.3824398, 50.2125642 ], [ 24.3823927, 50.2124211 ], [ 24.3706543, 50.2094819 ] ] ] } },
{ "type": "Feature", "properties": { "osm_id": 150158208, "name": "Середньодніпровська ГЕС", "station_name_en": null, "oblast_name_en": "Dnipropetrovsk", "area_m2": 84954.393423822417, "eor_source": "https://web.archive.org/web/20251225222529/https://twitter.com/GeoliticsWorld/status/1788584925714587943", "eor_description": "Damage to Kamianske Hydroelectric Power Plant", "eor_first_date": "2024-04-28T00:00:00", "eor_all_dates": "[Timestamp('2024-04-28 00:00:00'), Timestamp('2025-10-22 00:00:00')]", "infra_type": "Hydro", "latitude": 48.548285554162987, "longitude": 34.541398138525722, "attack_waves": [ "wave6", "wave7" ], "n_attack_waves": 2, "attack_waves_str": "wave6, wave7" }, "geometry": { "type": "Polygon", "coordinates": [ [ [ 34.5421354, 48.5509124 ], [ 34.5422203, 48.5508936 ], [ 34.5422776, 48.5508809 ], [ 34.5426685, 48.5507942 ], [ 34.5418395, 48.5491556 ], [ 34.5425131, 48.5490063 ], [ 34.5411952, 48.5463996 ], [ 34.5411679, 48.5463458 ], [ 34.5405696, 48.5464783 ], [ 34.5399624, 48.5466128 ], [ 34.5400148, 48.5467166 ], [ 34.5400894, 48.5468641 ], [ 34.5404991, 48.5476748 ], [ 34.5413145, 48.5492881 ], [ 34.5417314, 48.550113 ], [ 34.5419296, 48.5505052 ], [ 34.5421078, 48.5508579 ], [ 34.5421233, 48.5508885 ], [ 34.5421354, 48.5509124 ] ] ] } },
{ "type": "Feature", "properties": { "osm_id": 246964776, "name": "Київська ГЕС", "station_name_en": null, "oblast_name_en": "Kiev", "area_m2": 559947.63913367549, "eor_source": "https://web.archive.org/web/20251225222529/https://x.com/TreasChest/status/1828006062126981270", "eor_description": "Fire and damage at the Kyiv Hydroelectric Power Plant", "eor_first_date": "2024-08-26T00:00:00", "eor_all_dates": "[Timestamp('2024-08-26 00:00:00')]", "infra_type": "Hydro", "latitude": 50.587427138607396, "longitude": 30.509300242477572, "attack_waves": [ "wave6" ], "n_attack_waves": 1, "attack_waves_str": "wave6" }, "geometry": { "type": "Polygon", "coordinates": [ [ [ 30.5077873, 50.5914324 ], [ 30.5083212, 50.5913231 ], [ 30.5083734, 50.5913069 ], [ 30.5083144, 50.5910774 ], [ 30.5082963, 50.5910225 ], [ 30.5082721, 50.5909671 ], [ 30.5081803, 50.590799 ], [ 30.5081273, 50.5907028 ], [ 30.5080971, 50.5906389 ], [ 30.5080884, 50.5905657 ], [ 30.508081, 50.5904904 ], [ 30.5080817, 50.5904631 ], [ 30.5080998, 50.590421 ], [ 30.5081514, 50.590358 ], [ 30.5082507, 50.590263 ], [ 30.5083573, 50.5901609 ], [ 30.508488, 50.5900519 ], [ 30.5085591, 50.5899978 ], [ 30.5086691, 50.5899263 ], [ 30.5087784, 50.5898646 ], [ 30.5089018, 50.5898224 ], [ 30.5091626, 50.5897581 ], [ 30.5096052, 50.589656 ], [ 30.5098975, 50.5895883 ], [ 30.5100739, 50.5895478 ], [ 30.5103341, 50.5894967 ], [ 30.5103703, 50.5894887 ], [ 30.5104005, 50.5894733 ], [ 30.5104521, 50.5894239 ], [ 30.5105212, 50.5893537 ], [ 30.5105594, 50.5893107 ], [ 30.5105909, 50.5892728 ], [ 30.510609, 50.5892328 ], [ 30.510617, 50.5891766 ], [ 30.5106023, 50.5891157 ], [ 30.5112211, 50.5889678 ], [ 30.5135433, 50.5884341 ], [ 30.5143426, 50.5882587 ], [ 30.5143882, 50.5883013 ], [ 30.5144928, 50.588349 ], [ 30.5146645, 50.5883899 ], [ 30.5148569, 50.5884167 ], [ 30.5148989, 50.5884207 ], [ 30.5149257, 50.5884182 ], [ 30.5149716, 50.5884046 ], [ 30.5152532, 50.5883337 ], [ 30.515783, 50.5882132 ], [ 30.5160311, 50.5881493 ], [ 30.516123, 50.5881217 ], [ 30.5162007, 50.5880876 ], [ 30.5162718, 50.5880395 ], [ 30.5163281, 50.5879991 ], [ 30.5164656, 50.5878603 ], [ 30.5166453, 50.5876895 ], [ 30.5166829, 50.5876525 ], [ 30.5167352, 50.5876253 ], [ 30.5168176, 50.5875844 ], [ 30.516929, 50.5875503 ], [ 30.5171321, 50.587498 ], [ 30.5164126, 50.5873593 ], [ 30.5163409, 50.5871897 ], [ 30.5156845, 50.5860075 ], [ 30.5150937, 50.5853799 ], [ 30.5150065, 50.585414 ], [ 30.5148858, 50.5854199 ], [ 30.5147544, 50.5854063 ], [ 30.5146337, 50.5853833 ], [ 30.5145572, 50.585328 ], [ 30.514403, 50.5851679 ], [ 30.5142447, 50.5851066 ], [ 30.5140664, 50.5850717 ], [ 30.5138585, 50.5851015 ], [ 30.5136989, 50.5851534 ], [ 30.5135795, 50.5852701 ], [ 30.5135487, 50.5853833 ], [ 30.513593, 50.5855459 ], [ 30.5137995, 50.5858865 ], [ 30.514057, 50.5862033 ], [ 30.514584, 50.5868415 ], [ 30.5136909, 50.587065 ], [ 30.5140637, 50.5877675 ], [ 30.5131799, 50.5879693 ], [ 30.5123846, 50.5881515 ], [ 30.5103488, 50.5886112 ], [ 30.5099492, 50.5879369 ], [ 30.5090788, 50.5881251 ], [ 30.508934, 50.5877615 ], [ 30.5087972, 50.5874098 ], [ 30.5086979, 50.5871527 ], [ 30.5085799, 50.5869228 ], [ 30.5083305, 50.5865158 ], [ 30.508144, 50.5861233 ], [ 30.5079791, 50.5858099 ], [ 30.5078195, 50.5855476 ], [ 30.5076572, 50.585282 ], [ 30.5074794, 50.5850045 ], [ 30.5074346, 50.5849346 ], [ 30.5072589, 50.5846519 ], [ 30.5069443, 50.5847484 ], [ 30.5064508, 50.5838747 ], [ 30.5046625, 50.5843168 ], [ 30.5047342, 50.5847075 ], [ 30.5049916, 50.5852729 ], [ 30.5048629, 50.5853138 ], [ 30.5053135, 50.5861857 ], [ 30.5048932, 50.5862927 ], [ 30.5048262, 50.5863421 ], [ 30.5047712, 50.5864111 ], [ 30.5047739, 50.5865183 ], [ 30.5053076, 50.5873834 ], [ 30.5056885, 50.5880255 ], [ 30.5061498, 50.5887253 ], [ 30.5063269, 50.5890506 ], [ 30.5065039, 50.5893384 ], [ 30.5065743, 50.5894554 ], [ 30.506634, 50.5895419 ], [ 30.5066863, 50.5895891 ], [ 30.5067151, 50.5896321 ], [ 30.5067278, 50.5896751 ], [ 30.5067687, 50.589753 ], [ 30.5068459, 50.5898893 ], [ 30.5069236, 50.5900361 ], [ 30.5070323, 50.5902111 ], [ 30.5071436, 50.5903988 ], [ 30.5072522, 50.5905721 ], [ 30.507393, 50.5908058 ], [ 30.5075104, 50.5909948 ], [ 30.5075895, 50.5911353 ], [ 30.5076841, 50.5912796 ], [ 30.5077873, 50.5914324 ] ] ] } },
{ "type": "Feature", "properties": { "osm_id": 130697711, "name": "Київська ГЕС", "station_name_en": "Kiev Hydroelectric Power Plant", "oblast_name_en": "Kiev", "area_m2": 40029.523331811433, "eor_source": "https://web.archive.org/web/20251225222529/https://x.com/TreasChest/status/1828006062126981270", "eor_description": "Fire and damage at the Kyiv Hydroelectric Power Plant", "eor_first_date": "2024-08-26T00:00:00", "eor_all_dates": "[Timestamp('2024-08-26 00:00:00')]", "infra_type": "Hydro", "latitude": 50.588431058532848, "longitude": 30.51236411747108, "attack_waves": [ "wave6" ], "n_attack_waves": 1, "attack_waves_str": "wave6" }, "geometry": { "type": "Polygon", "coordinates": [ [ [ 30.5106023, 50.5891157 ], [ 30.5112211, 50.5889678 ], [ 30.5135433, 50.5884341 ], [ 30.5143426, 50.5882587 ], [ 30.5141831, 50.5878858 ], [ 30.5141301, 50.5878161 ], [ 30.5140637, 50.5877675 ], [ 30.5131799, 50.5879693 ], [ 30.5123846, 50.5881515 ], [ 30.5103488, 50.5886112 ], [ 30.5104493, 50.588661 ], [ 30.5104749, 50.5887322 ], [ 30.5106023, 50.5891157 ] ] ] } },
{ "type": "Feature", "properties": { "osm_id": 7478534, "name": "Шосткінська ТЕЦ", "station_name_en": "Shostka (Svema) Power Plant", "oblast_name_en": "Sumy", "area_m2": 569059.92540501163, "eor_source": "https://web.archive.org/web/20251225222529/https://t.me/voenacher/86210", "eor_description": "Video 1: Burning substation of Shostka TPP", "eor_first_date": "2025-10-04T00:00:00", "eor_all_dates": "[Timestamp('2025-10-04 00:00:00')]", "infra_type": "CHP", "latitude": 51.885870036680373, "longitude": 33.455552233011133, "attack_waves": [ "wave7" ], "n_attack_waves": 1, "attack_waves_str": "wave7" }, "geometry": { "type": "Polygon", "coordinates": [ [ [ 33.4581546, 51.8822306 ], [ 33.4581107, 51.8823387 ], [ 33.4582829, 51.8823624 ], [ 33.4583259, 51.882537 ], [ 33.458236, 51.8827299 ], [ 33.4582883, 51.8827365 ], [ 33.4576499, 51.8841629 ], [ 33.4574501, 51.8841339 ], [ 33.4574555, 51.8841198 ], [ 33.4569848, 51.884023 ], [ 33.4568091, 51.8843839 ], [ 33.4561573, 51.8841802 ], [ 33.4559464, 51.8841134 ], [ 33.4556005, 51.8838915 ], [ 33.4551525, 51.8838409 ], [ 33.455312, 51.883197 ], [ 33.4544189, 51.8831952 ], [ 33.4543884, 51.883196 ], [ 33.454378, 51.8817936 ], [ 33.4535977, 51.8818246 ], [ 33.4530913, 51.8818238 ], [ 33.4530706, 51.8835047 ], [ 33.4529815, 51.8874748 ], [ 33.4534442, 51.8879499 ], [ 33.4544608, 51.888574 ], [ 33.4548309, 51.8888869 ], [ 33.455413, 51.8892511 ], [ 33.4567621, 51.8884283 ], [ 33.4575561, 51.8891269 ], [ 33.4581489, 51.8890707 ], [ 33.4582186, 51.8849004 ], [ 33.4584117, 51.8848971 ], [ 33.45846, 51.8829766 ], [ 33.4585737, 51.8822938 ], [ 33.4585729, 51.8821756 ], [ 33.4584106, 51.882176 ], [ 33.4581546, 51.8822306 ] ] ] } },
{ "type": "Feature", "properties": { "osm_id": 28877239, "name": "Запорізька ТЕС", "station_name_en": "Zaporizhzhia Power Plant", "oblast_name_en": "Zaporizhia", "area_m2": 1000768.5720327585, "eor_source": null, "eor_description": null, "eor_first_date": null, "eor_all_dates": [ ], "infra_type": "Thermal", "latitude": 47.507648608954163, "longitude": 34.624951601997985, "attack_waves": [ ], "n_attack_waves": 0, "attack_waves_str": null }, "geometry": { "type": "Polygon", "coordinates": [ [ [ 34.6202143, 47.5112007 ], [ 34.6211547, 47.5109676 ], [ 34.6319329, 47.5081654 ], [ 34.6296536, 47.5040977 ], [ 34.6181104, 47.5070699 ], [ 34.6189608, 47.508958 ], [ 34.6202143, 47.5112007 ] ] ] } },
{ "type": "Feature", "properties": { "osm_id": 28878631, "name": "Хмельницька атомна електростанція", "station_name_en": "Khmelnytskyi Nuclear Power Plant", "oblast_name_en": "Khmelnytskyi", "area_m2": 1610520.4256649318, "eor_source": null, "eor_description": null, "eor_first_date": null, "eor_all_dates": [ ], "infra_type": "Nuclear", "latitude": 50.301869460401861, "longitude": 26.648018881752776, "attack_waves": [ ], "n_attack_waves": 0, "attack_waves_str": null }, "geometry": { "type": "Polygon", "coordinates": [ [ [ 26.6409677, 50.3025332 ], [ 26.6412562, 50.30301 ], [ 26.6412186, 50.3030343 ], [ 26.6413017, 50.3030851 ], [ 26.6419382, 50.304137 ], [ 26.6419011, 50.3041782 ], [ 26.6419821, 50.3042028 ], [ 26.6434108, 50.3065543 ], [ 26.6526193, 50.3042403 ], [ 26.6516015, 50.3025674 ], [ 26.6518678, 50.3025071 ], [ 26.6519855, 50.3027013 ], [ 26.6521668, 50.3029834 ], [ 26.6522849, 50.3030374 ], [ 26.6533121, 50.3027744 ], [ 26.6531713, 50.3025294 ], [ 26.6533548, 50.3024779 ], [ 26.6544739, 50.3021888 ], [ 26.6553369, 50.3008213 ], [ 26.6552895, 50.300783 ], [ 26.6552549, 50.3007627 ], [ 26.6558133, 50.3000014 ], [ 26.6553636, 50.299206 ], [ 26.6550515, 50.2986738 ], [ 26.655069, 50.2986502 ], [ 26.655065, 50.298624 ], [ 26.6550531, 50.2985777 ], [ 26.6549387, 50.2985017 ], [ 26.6542502, 50.2974067 ], [ 26.6496148, 50.2985832 ], [ 26.649438, 50.2986234 ], [ 26.6485142, 50.2988633 ], [ 26.6470921, 50.2989932 ], [ 26.6401028, 50.3007045 ], [ 26.6401737, 50.3008207 ], [ 26.6405768, 50.3015255 ], [ 26.6409677, 50.3025332 ] ] ] } },
{ "type": "Feature", "properties": { "osm_id": 28878854, "name": "Рівненська АЕС", "station_name_en": "Rivne Nuclear Power Plant", "oblast_name_en": "Rivne", "area_m2": 3451577.3668931797, "eor_source": null, "eor_description": null, "eor_first_date": null, "eor_all_dates": [ ], "infra_type": "Nuclear", "latitude": 51.325576611815059, "longitude": 25.896395631462603, "attack_waves": [ ], "n_attack_waves": 0, "attack_waves_str": null }, "geometry": { "type": "Polygon", "coordinates": [ [ [ 25.8965018, 51.3177743 ], [ 25.8923726, 51.3192949 ], [ 25.8923202, 51.3193238 ], [ 25.8920517, 51.319422 ], [ 25.8934035, 51.320827 ], [ 25.8921346, 51.3212981 ], [ 25.8920706, 51.3212314 ], [ 25.8918955, 51.3212971 ], [ 25.8919594, 51.3213636 ], [ 25.8918425, 51.3214063 ], [ 25.8917817, 51.3214286 ], [ 25.8849298, 51.3239936 ], [ 25.887469, 51.3266699 ], [ 25.887426, 51.3270854 ], [ 25.8878214, 51.3274827 ], [ 25.8885349, 51.3272267 ], [ 25.8885568, 51.3272406 ], [ 25.8885939, 51.3272809 ], [ 25.8886227, 51.3273118 ], [ 25.8888401, 51.3275458 ], [ 25.8888901, 51.3275996 ], [ 25.8888523, 51.3276133 ], [ 25.8888789, 51.3276419 ], [ 25.8889096, 51.3276743 ], [ 25.8889415, 51.3276625 ], [ 25.8889949, 51.3277188 ], [ 25.8890239, 51.3277506 ], [ 25.8891062, 51.3278375 ], [ 25.8890731, 51.3278497 ], [ 25.8891262, 51.3279056 ], [ 25.889146, 51.3278981 ], [ 25.889206, 51.327876 ], [ 25.8892773, 51.3278495 ], [ 25.8893776, 51.3279561 ], [ 25.8898955, 51.3285142 ], [ 25.8898772, 51.3285319 ], [ 25.8898528, 51.3285421 ], [ 25.8938779, 51.3327524 ], [ 25.9088005, 51.3270413 ], [ 25.9055841, 51.3236464 ], [ 25.9023462, 51.3240035 ], [ 25.9023161, 51.3239737 ], [ 25.9022825, 51.3239381 ], [ 25.9021597, 51.3238202 ], [ 25.9019548, 51.3236032 ], [ 25.9017357, 51.3233756 ], [ 25.9011937, 51.3235812 ], [ 25.9000871, 51.3224372 ], [ 25.9000482, 51.3223974 ], [ 25.8996469, 51.3219566 ], [ 25.8995367, 51.3218427 ], [ 25.901235, 51.3212143 ], [ 25.9003587, 51.3202912 ], [ 25.8987565, 51.3201209 ], [ 25.8965018, 51.3177743 ] ] ] } },
{ "type": "Feature", "properties": { "osm_id": 73199860, "name": "Канівська ГЕС", "station_name_en": null, "oblast_name_en": "Cherkasy", "area_m2": 1838859.0746067476, "eor_source": null, "eor_description": null, "eor_first_date": null, "eor_all_dates": [ ], "infra_type": "Hydro", "latitude": 49.760754118556505, "longitude": 31.473345046558798, "attack_waves": [ ], "n_attack_waves": 0, "attack_waves_str": null }, "geometry": { "type": "Polygon", "coordinates": [ [ [ 31.4597476, 49.7625193 ], [ 31.4594901, 49.7624223 ], [ 31.4592352, 49.7623772 ], [ 31.4592152, 49.7621854 ], [ 31.4597099, 49.7622675 ], [ 31.4636616, 49.7607773 ], [ 31.4647689, 49.7615782 ], [ 31.4648587, 49.7615294 ], [ 31.4650235, 49.7616594 ], [ 31.4651559, 49.7616657 ], [ 31.4654931, 49.7616184 ], [ 31.4657477, 49.7616279 ], [ 31.4656726, 49.7617249 ], [ 31.4655639, 49.7618029 ], [ 31.4655156, 49.7618401 ], [ 31.4654888, 49.7618739 ], [ 31.4654875, 49.7619094 ], [ 31.4655237, 49.7619441 ], [ 31.4655639, 49.7619718 ], [ 31.4656189, 49.7619805 ], [ 31.4656618, 49.7619718 ], [ 31.4660407, 49.7617877 ], [ 31.4660836, 49.7617713 ], [ 31.4662774, 49.7617201 ], [ 31.4663391, 49.7617002 ], [ 31.4665107, 49.7616196 ], [ 31.4665423, 49.7616144 ], [ 31.4665751, 49.7616188 ], [ 31.4666408, 49.7616417 ], [ 31.4667213, 49.7616669 ], [ 31.4668205, 49.7616864 ], [ 31.466905, 49.7616877 ], [ 31.4669828, 49.7616799 ], [ 31.4670981, 49.7616331 ], [ 31.4672081, 49.761588 ], [ 31.4710759, 49.7596942 ], [ 31.4723961, 49.7591092 ], [ 31.473349, 49.7587716 ], [ 31.4734161, 49.7587542 ], [ 31.4734939, 49.7587525 ], [ 31.4737326, 49.7587386 ], [ 31.4739042, 49.7587282 ], [ 31.4740652, 49.7587023 ], [ 31.4742047, 49.7586659 ], [ 31.4748913, 49.7584285 ], [ 31.4750469, 49.7583522 ], [ 31.4751998, 49.75825 ], [ 31.4754653, 49.7580663 ], [ 31.4755538, 49.7580144 ], [ 31.4756584, 49.757978 ], [ 31.4758086, 49.757945 ], [ 31.4761305, 49.757874 ], [ 31.4764631, 49.7578012 ], [ 31.47686, 49.7577319 ], [ 31.4770317, 49.7576834 ], [ 31.4771765, 49.7576245 ], [ 31.4775521, 49.7574391 ], [ 31.4779463, 49.7572329 ], [ 31.4782548, 49.7570579 ], [ 31.4785445, 49.7569227 ], [ 31.478802, 49.7568118 ], [ 31.4790031, 49.7567009 ], [ 31.4792553, 49.7565155 ], [ 31.4794001, 49.756441 ], [ 31.4795959, 49.7563613 ], [ 31.4797676, 49.7563266 ], [ 31.4799285, 49.7562954 ], [ 31.4801136, 49.7562712 ], [ 31.4802638, 49.75624 ], [ 31.4804408, 49.7561655 ], [ 31.4806071, 49.7560754 ], [ 31.4809236, 49.7558345 ], [ 31.4811248, 49.7556837 ], [ 31.4811972, 49.7556144 ], [ 31.4812642, 49.7555469 ], [ 31.4813232, 49.755507 ], [ 31.4814198, 49.7554706 ], [ 31.4815915, 49.7554308 ], [ 31.4818838, 49.7553597 ], [ 31.4821681, 49.755306 ], [ 31.4823532, 49.7552609 ], [ 31.4825436, 49.755183 ], [ 31.4828736, 49.7550183 ], [ 31.4830103, 49.7549715 ], [ 31.483233, 49.7549057 ], [ 31.4833429, 49.7548693 ], [ 31.4834395, 49.7548156 ], [ 31.4835709, 49.7546804 ], [ 31.4836514, 49.7546042 ], [ 31.4839384, 49.7544534 ], [ 31.4840752, 49.7543702 ], [ 31.4841905, 49.7543235 ], [ 31.4843193, 49.7542992 ], [ 31.4845231, 49.7542715 ], [ 31.484625, 49.7542281 ], [ 31.4846867, 49.7541779 ], [ 31.4847618, 49.7540756 ], [ 31.4848235, 49.7540219 ], [ 31.4851937, 49.7538504 ], [ 31.485419, 49.7537741 ], [ 31.4856362, 49.7537377 ], [ 31.4859715, 49.7537031 ], [ 31.4862558, 49.7536719 ], [ 31.4864168, 49.753684 ], [ 31.4865857, 49.7537135 ], [ 31.486744, 49.7537724 ], [ 31.4868647, 49.7538452 ], [ 31.4869666, 49.7539439 ], [ 31.4870068, 49.754067 ], [ 31.4870471, 49.7544482 ], [ 31.4870444, 49.7546076 ], [ 31.4869773, 49.7548156 ], [ 31.486913, 49.7549542 ], [ 31.4868057, 49.7551136 ], [ 31.4864758, 49.7554065 ], [ 31.4861968, 49.7556422 ], [ 31.4861351, 49.7557271 ], [ 31.4860976, 49.7558102 ], [ 31.4860815, 49.7559211 ], [ 31.4861056, 49.7560372 ], [ 31.4860949, 49.7561118 ], [ 31.4860627, 49.7561655 ], [ 31.4859447, 49.7562798 ], [ 31.4858508, 49.7563301 ], [ 31.4857328, 49.7563855 ], [ 31.4856201, 49.7564618 ], [ 31.4853573, 49.7567252 ], [ 31.4847779, 49.7573351 ], [ 31.4844158, 49.7576453 ], [ 31.4843166, 49.7577146 ], [ 31.4841637, 49.7577752 ], [ 31.4835039, 49.7580317 ], [ 31.4829916, 49.7582171 ], [ 31.4826617, 49.7583107 ], [ 31.4820448, 49.7584579 ], [ 31.4818597, 49.7585099 ], [ 31.4817148, 49.7585723 ], [ 31.4813447, 49.7587768 ], [ 31.4808243, 49.7590765 ], [ 31.4803711, 49.7593347 ], [ 31.4798963, 49.7595669 ], [ 31.4793196, 49.7598302 ], [ 31.4791104, 49.7599169 ], [ 31.4789683, 49.7600139 ], [ 31.4787644, 49.760182 ], [ 31.4785364, 49.760357 ], [ 31.4783782, 49.7604332 ], [ 31.4782092, 49.760506 ], [ 31.4776406, 49.7607018 ], [ 31.4775252, 49.7607659 ], [ 31.4773911, 49.7608941 ], [ 31.4772597, 49.7610552 ], [ 31.4771336, 49.7611471 ], [ 31.4764953, 49.7614486 ], [ 31.4763612, 49.7614711 ], [ 31.4762029, 49.7614763 ], [ 31.4754948, 49.7614156 ], [ 31.4753473, 49.7614122 ], [ 31.47524, 49.7614243 ], [ 31.4751327, 49.7614641 ], [ 31.4706387, 49.7639357 ], [ 31.4706085, 49.763953 ], [ 31.4704925, 49.7640188 ], [ 31.4704804, 49.7640414 ], [ 31.4704925, 49.7640682 ], [ 31.4711858, 49.7645819 ], [ 31.4711885, 49.7645901 ], [ 31.4711832, 49.7646001 ], [ 31.471159, 49.7646148 ], [ 31.470463, 49.7649925 ], [ 31.4704476, 49.7650038 ], [ 31.4704408, 49.7650185 ], [ 31.4704536, 49.7650363 ], [ 31.473408, 49.7673313 ], [ 31.4734362, 49.7673417 ], [ 31.4734644, 49.7673435 ], [ 31.4734885, 49.7673326 ], [ 31.4741577, 49.7669511 ], [ 31.4741939, 49.7669329 ], [ 31.4742275, 49.7669372 ], [ 31.4742623, 49.7669537 ], [ 31.4749007, 49.7674439 ], [ 31.4749503, 49.767463 ], [ 31.4749879, 49.7674656 ], [ 31.4750294, 49.7674509 ], [ 31.4764389, 49.7666548 ], [ 31.4767259, 49.7665301 ], [ 31.4769298, 49.7664868 ], [ 31.4771229, 49.7664764 ], [ 31.4772946, 49.7664972 ], [ 31.4774582, 49.7665336 ], [ 31.4750831, 49.7678128 ], [ 31.4746124, 49.7680693 ], [ 31.4745574, 49.768123 ], [ 31.4744072, 49.7681993 ], [ 31.4741584, 49.7682795 ], [ 31.473945, 49.768409 ], [ 31.4738909, 49.7684321 ], [ 31.4737909, 49.7684711 ], [ 31.4735509, 49.768568 ], [ 31.4734134, 49.7686436 ], [ 31.4727053, 49.7681447 ], [ 31.4726517, 49.7680529 ], [ 31.4726222, 49.767994 ], [ 31.4726168, 49.76789 ], [ 31.4726289, 49.7678381 ], [ 31.4726718, 49.7677818 ], [ 31.4726919, 49.7677445 ], [ 31.4726812, 49.7677081 ], [ 31.4722198, 49.7673443 ], [ 31.4701706, 49.765786 ], [ 31.4698595, 49.765546 ], [ 31.4697643, 49.7654646 ], [ 31.469718, 49.7654313 ], [ 31.4696865, 49.76542 ], [ 31.4696496, 49.7654209 ], [ 31.4695772, 49.7654425 ], [ 31.4695115, 49.7654521 ], [ 31.4694062, 49.7654525 ], [ 31.4692412, 49.7654308 ], [ 31.4691514, 49.7654014 ], [ 31.4687142, 49.76508 ], [ 31.468226, 49.764737 ], [ 31.4680249, 49.764652 ], [ 31.4677325, 49.7646001 ], [ 31.4667803, 49.7646088 ], [ 31.4657932, 49.7646226 ], [ 31.4644334, 49.7646573 ], [ 31.4633551, 49.7647041 ], [ 31.4629836, 49.7647309 ], [ 31.4627355, 49.7647786 ], [ 31.4626014, 49.7648305 ], [ 31.462419, 49.764892 ], [ 31.4623332, 49.7648747 ], [ 31.462181, 49.7648405 ], [ 31.4620113, 49.7647734 ], [ 31.461888, 49.7647049 ], [ 31.4617887, 49.7646278 ], [ 31.461778, 49.7645351 ], [ 31.4617418, 49.7644554 ], [ 31.4616787, 49.7643844 ], [ 31.4615473, 49.7642657 ], [ 31.4614642, 49.7641964 ], [ 31.4614132, 49.764141 ], [ 31.4614032, 49.7640711 ], [ 31.4613837, 49.7640561 ], [ 31.4612885, 49.7639712 ], [ 31.4612228, 49.7638993 ], [ 31.4612067, 49.7638837 ], [ 31.4610498, 49.7637451 ], [ 31.4609814, 49.7636489 ], [ 31.4609358, 49.763564 ], [ 31.4609224, 49.7635129 ], [ 31.4609036, 49.7634878 ], [ 31.4608017, 49.7634047 ], [ 31.4604422, 49.7630963 ], [ 31.4601821, 49.7628589 ], [ 31.459887, 49.7626163 ], [ 31.4597476, 49.7625193 ] ] ] } },
{ "type": "Feature", "properties": { "osm_id": 90163313, "name": "Дністровська гідроелектротанція Nº2 (ГЕС-2) / Centrala Hidro-Electrică de pe Nistru nr.2 (CHE-2)", "station_name_en": "Dnestrovskaya HPP-2", "oblast_name_en": "Vinnytsya", "area_m2": 237640.41358343698, "eor_source": null, "eor_description": null, "eor_first_date": null, "eor_all_dates": [ ], "infra_type": "Hydro", "latitude": 48.487369525713916, "longitude": 27.570686885052137, "attack_waves": [ ], "n_attack_waves": 0, "attack_waves_str": null }, "geometry": { "type": "Polygon", "coordinates": [ [ [ 27.5718359, 48.4891564 ], [ 27.5727607, 48.4882614 ], [ 27.5713317, 48.4876465 ], [ 27.5712995, 48.4876234 ], [ 27.5712942, 48.4875985 ], [ 27.5713143, 48.4875709 ], [ 27.5714269, 48.4874634 ], [ 27.5714417, 48.4874394 ], [ 27.5714296, 48.4874118 ], [ 27.5714001, 48.4873958 ], [ 27.5708757, 48.4870856 ], [ 27.5708435, 48.487066 ], [ 27.5708382, 48.4870394 ], [ 27.5708503, 48.4870172 ], [ 27.571042, 48.4868287 ], [ 27.5710541, 48.4868083 ], [ 27.5710461, 48.4867941 ], [ 27.5710072, 48.4867781 ], [ 27.5707376, 48.4866545 ], [ 27.5707041, 48.4866358 ], [ 27.5707014, 48.4866145 ], [ 27.5707161, 48.4865878 ], [ 27.5710353, 48.4862918 ], [ 27.5715986, 48.4857318 ], [ 27.571618, 48.4857185 ], [ 27.5716388, 48.4857158 ], [ 27.5716616, 48.4857189 ], [ 27.5720247, 48.4858468 ], [ 27.5725025, 48.4860252 ], [ 27.5725454, 48.4860421 ], [ 27.5725722, 48.4860456 ], [ 27.5725991, 48.4860332 ], [ 27.5727318, 48.4859212 ], [ 27.5727506, 48.4859083 ], [ 27.5727714, 48.4859109 ], [ 27.5727895, 48.4859194 ], [ 27.5738443, 48.4864062 ], [ 27.5741737, 48.4860083 ], [ 27.5733064, 48.485334 ], [ 27.57242, 48.484631 ], [ 27.5723322, 48.4846059 ], [ 27.5722533, 48.4845833 ], [ 27.570826, 48.4844244 ], [ 27.5704666, 48.4848024 ], [ 27.5707954, 48.4849576 ], [ 27.57082, 48.4849723 ], [ 27.5708462, 48.4850006 ], [ 27.5708618, 48.4850342 ], [ 27.5708643, 48.4850684 ], [ 27.5708618, 48.4851092 ], [ 27.5708372, 48.4851613 ], [ 27.5707792, 48.4852118 ], [ 27.5707684, 48.4852347 ], [ 27.5707832, 48.4852625 ], [ 27.5708234, 48.4852918 ], [ 27.5712965, 48.4855763 ], [ 27.5713072, 48.4855794 ], [ 27.571313, 48.4855797 ], [ 27.571319, 48.4855792 ], [ 27.5713277, 48.4855741 ], [ 27.571333, 48.4855719 ], [ 27.571337, 48.4855717 ], [ 27.5713413, 48.4855736 ], [ 27.5713465, 48.4855772 ], [ 27.5713453, 48.4855796 ], [ 27.5705501, 48.4863231 ], [ 27.5701511, 48.4867303 ], [ 27.5701372, 48.4867437 ], [ 27.5701204, 48.4867432 ], [ 27.5701033, 48.4867389 ], [ 27.569607, 48.4865754 ], [ 27.5695467, 48.4865621 ], [ 27.5694998, 48.4865665 ], [ 27.5694649, 48.4865852 ], [ 27.5692114, 48.4868652 ], [ 27.5691819, 48.4868892 ], [ 27.5679881, 48.4882193 ], [ 27.5685242, 48.4884641 ], [ 27.5685878, 48.4884931 ], [ 27.5677539, 48.4892742 ], [ 27.5688871, 48.4897955 ], [ 27.5695482, 48.4891508 ], [ 27.5704534, 48.4892948 ], [ 27.5718359, 48.4891564 ] ] ] } },
{ "type": "Feature", "properties": { "osm_id": 99180521, "name": "Білоцерківська ТЕЦ", "station_name_en": "Bilotserkivska TPP", "oblast_name_en": "Kiev", "area_m2": 1668359.9017967347, "eor_source": null, "eor_description": null, "eor_first_date": null, "eor_all_dates": [ ], "infra_type": "CHP", "latitude": 49.797543041094642, "longitude": 30.188769286190553, "attack_waves": [ ], "n_attack_waves": 0, "attack_waves_str": null }, "geometry": { "type": "Polygon", "coordinates": [ [ [ 30.1807266, 49.8004581 ], [ 30.1804545, 49.7975168 ], [ 30.1802332, 49.7951248 ], [ 30.1830721, 49.7950533 ], [ 30.1832111, 49.7951092 ], [ 30.1834495, 49.7951341 ], [ 30.1970353, 49.7947207 ], [ 30.1971297, 49.795508 ], [ 30.1972398, 49.7969314 ], [ 30.1972514, 49.7970741 ], [ 30.1972572, 49.7971467 ], [ 30.1971965, 49.7971513 ], [ 30.1972069, 49.7973013 ], [ 30.1972341, 49.7975507 ], [ 30.1973265, 49.7984896 ], [ 30.1975899, 49.7987601 ], [ 30.1976141, 49.7991531 ], [ 30.197601, 49.7995159 ], [ 30.1972615, 49.799597 ], [ 30.19678, 49.7996529 ], [ 30.1949814, 49.7997385 ], [ 30.1949813, 49.7997675 ], [ 30.1944181, 49.7997639 ], [ 30.1937904, 49.7997429 ], [ 30.1937959, 49.7999894 ], [ 30.1926291, 49.8000275 ], [ 30.1896333, 49.800149 ], [ 30.1870421, 49.8002523 ], [ 30.1869758, 49.8002545 ], [ 30.1807266, 49.8004581 ] ] ] } },
{ "type": "Feature", "properties": { "osm_id": 106296381, "name": "Київська ТЕЦ-6", "station_name_en": "Kyiv CHP-6 Power Plant", "oblast_name_en": "Kiev", "area_m2": 2643444.1091046035, "eor_source": null, "eor_description": null, "eor_first_date": null, "eor_all_dates": [ ], "infra_type": "CHP", "latitude": 50.531557763739414, "longitude": 30.667393269719362, "attack_waves": [ ], "n_attack_waves": 0, "attack_waves_str": null }, "geometry": { "type": "Polygon", "coordinates": [ [ [ 30.6614039, 50.534076 ], [ 30.6614122, 50.5356027 ], [ 30.6614139, 50.535919 ], [ 30.6627958, 50.5359159 ], [ 30.6627953, 50.5358128 ], [ 30.6656673, 50.5358065 ], [ 30.6656698, 50.5358642 ], [ 30.6656797, 50.5363721 ], [ 30.6713463, 50.5349745 ], [ 30.6714692, 50.5348726 ], [ 30.6715263, 50.5348712 ], [ 30.6723313, 50.534852 ], [ 30.6731046, 50.5346673 ], [ 30.6742637, 50.5343421 ], [ 30.6745754, 50.5342546 ], [ 30.6751457, 50.5340746 ], [ 30.6756485, 50.5338896 ], [ 30.6757239, 50.5338114 ], [ 30.6760286, 50.5336482 ], [ 30.6763061, 50.533464 ], [ 30.6766674, 50.5331587 ], [ 30.6769757, 50.5328315 ], [ 30.6767984, 50.5327205 ], [ 30.6769889, 50.5325119 ], [ 30.6772073, 50.5320636 ], [ 30.6771558, 50.5320441 ], [ 30.6771196, 50.5320304 ], [ 30.6772215, 50.5318731 ], [ 30.6772771, 50.53172 ], [ 30.6769291, 50.5316973 ], [ 30.6768784, 50.5316717 ], [ 30.6768444, 50.5316544 ], [ 30.6770574, 50.5314803 ], [ 30.6772109, 50.5313121 ], [ 30.6773194, 50.531143 ], [ 30.6771434, 50.5310497 ], [ 30.6769417, 50.5309378 ], [ 30.6765626, 50.5309286 ], [ 30.676556, 50.5303148 ], [ 30.6764681, 50.5265018 ], [ 30.6763362, 50.5265018 ], [ 30.6761482, 50.5265023 ], [ 30.6760003, 50.5265015 ], [ 30.6757338, 50.5264991 ], [ 30.6756428, 50.5264981 ], [ 30.6755728, 50.5264968 ], [ 30.6747776, 50.5264945 ], [ 30.6747302, 50.5264948 ], [ 30.6731267, 50.526505 ], [ 30.6731079, 50.5260933 ], [ 30.6710727, 50.5261415 ], [ 30.6710164, 50.526166 ], [ 30.6710475, 50.5285303 ], [ 30.6707141, 50.5293235 ], [ 30.6672822, 50.5289143 ], [ 30.6664879, 50.5288893 ], [ 30.6649046, 50.5289202 ], [ 30.6639634, 50.5287296 ], [ 30.6616979, 50.528674 ], [ 30.6615685, 50.5286726 ], [ 30.6609135, 50.5286652 ], [ 30.6579456, 50.5286852 ], [ 30.6579465, 50.5287498 ], [ 30.6579478, 50.5288283 ], [ 30.6579551, 50.5292528 ], [ 30.6579584, 50.5294989 ], [ 30.6566496, 50.5299603 ], [ 30.6567163, 50.5322458 ], [ 30.6567219, 50.5325861 ], [ 30.6567434, 50.5338838 ], [ 30.6568513, 50.533951 ], [ 30.6572425, 50.5342024 ], [ 30.6614039, 50.534076 ] ] ] } },
{ "type": "Feature", "properties": { "osm_id": 113757400, "name": "Чернігівська ТЕЦ", "station_name_en": "Chernihiv Power Plant", "oblast_name_en": "Chernihiv", "area_m2": 2566829.7945768191, "eor_source": null, "eor_description": null, "eor_first_date": null, "eor_all_dates": [ ], "infra_type": "CHP", "latitude": 51.45213154660766, "longitude": 31.265648813585212, "attack_waves": [ ], "n_attack_waves": 0, "attack_waves_str": null }, "geometry": { "type": "Polygon", "coordinates": [ [ [ 31.2627774, 51.4576717 ], [ 31.2627983, 51.4575084 ], [ 31.2565833, 51.4571474 ], [ 31.2572756, 51.452681 ], [ 31.2576646, 51.4526865 ], [ 31.2577343, 51.4521884 ], [ 31.2577826, 51.4519962 ], [ 31.2578577, 51.4518457 ], [ 31.257964, 51.4517405 ], [ 31.2606307, 51.449852 ], [ 31.261139, 51.4494921 ], [ 31.261775, 51.4490416 ], [ 31.2624908, 51.4485348 ], [ 31.2628374, 51.4482893 ], [ 31.2628786, 51.4483131 ], [ 31.2634704, 51.4486548 ], [ 31.2635896, 51.4485837 ], [ 31.2637921, 51.4487044 ], [ 31.2638216, 51.4487216 ], [ 31.2638662, 51.448691 ], [ 31.2639348, 51.448644 ], [ 31.2656758, 51.4474511 ], [ 31.2659194, 51.4472842 ], [ 31.2671679, 51.4464287 ], [ 31.2675297, 51.4461808 ], [ 31.2677454, 51.4461974 ], [ 31.2678463, 51.4462413 ], [ 31.2686487, 51.4465901 ], [ 31.2704345, 51.446037 ], [ 31.2735389, 51.4489536 ], [ 31.2760155, 51.4507121 ], [ 31.2741655, 51.4520346 ], [ 31.2726688, 51.4532213 ], [ 31.269992, 51.454993 ], [ 31.2691981, 51.4552237 ], [ 31.2688172, 51.4551847 ], [ 31.266996, 51.4542175 ], [ 31.2667009, 51.4537462 ], [ 31.2650219, 51.4536426 ], [ 31.2644264, 51.4538197 ], [ 31.2632301, 51.4531712 ], [ 31.2628895, 51.4533283 ], [ 31.2627339, 51.4537261 ], [ 31.2627876, 51.4540337 ], [ 31.2631845, 51.4541139 ], [ 31.2638015, 51.4541975 ], [ 31.2646061, 51.4545451 ], [ 31.2651801, 51.4549563 ], [ 31.265105, 51.4551301 ], [ 31.2666151, 51.4561078 ], [ 31.2662557, 51.4563167 ], [ 31.2668216, 51.4566427 ], [ 31.2670791, 51.4568499 ], [ 31.2669718, 51.4569217 ], [ 31.2674841, 51.4574415 ], [ 31.2674836, 51.4575342 ], [ 31.2671676, 51.4575284 ], [ 31.2670899, 51.4577073 ], [ 31.2666312, 51.4576755 ], [ 31.2666312, 51.4576237 ], [ 31.2662074, 51.4575953 ], [ 31.2661591, 51.4578927 ], [ 31.2627774, 51.4576717 ] ] ] } },
{ "type": "Feature", "properties": { "osm_id": 114389760, "name": "Первомайська ГЕС", "station_name_en": null, "oblast_name_en": "Mykolayiv", "area_m2": 1362.328416347887, "eor_source": null, "eor_description": null, "eor_first_date": null, "eor_all_dates": [ ], "infra_type": "Hydro", "latitude": 48.041532896982496, "longitude": 30.839449133933098, "attack_waves": [ ], "n_attack_waves": 0, "attack_waves_str": null }, "geometry": { "type": "Polygon", "coordinates": [ [ [ 30.8392134, 48.0415741 ], [ 30.839417, 48.0416944 ], [ 30.8396849, 48.0414917 ], [ 30.8394812, 48.0413714 ], [ 30.8392134, 48.0415741 ] ] ] } },
{ "type": "Feature", "properties": { "osm_id": 127163069, "name": "Мигіївська ГЕС", "station_name_en": null, "oblast_name_en": "Mykolayiv", "area_m2": 1778.65036079121, "eor_source": null, "eor_description": null, "eor_first_date": null, "eor_all_dates": [ ], "infra_type": "Hydro", "latitude": 48.030198830991289, "longitude": 30.943891707275341, "attack_waves": [ ], "n_attack_waves": 0, "attack_waves_str": null }, "geometry": { "type": "Polygon", "coordinates": [ [ [ 30.9439534, 48.0299557 ], [ 30.9441365, 48.0300145 ], [ 30.9438539, 48.0304089 ], [ 30.9438193, 48.0303978 ], [ 30.9437834, 48.0304479 ], [ 30.9436675, 48.0304108 ], [ 30.9437035, 48.0303607 ], [ 30.9436707, 48.0303502 ], [ 30.9439534, 48.0299557 ] ] ] } },
{ "type": "Feature", "properties": { "osm_id": 136057743, "name": "Ташлицька ГАЕС", "station_name_en": "Tashlyk Pumped-Storage Power Plant", "oblast_name_en": "Mykolayiv", "area_m2": 554609.20683404454, "eor_source": null, "eor_description": null, "eor_first_date": null, "eor_all_dates": [ ], "infra_type": "Hydro", "latitude": 47.796221393315662, "longitude": 31.18177787307172, "attack_waves": [ ], "n_attack_waves": 0, "attack_waves_str": null }, "geometry": { "type": "Polygon", "coordinates": [ [ [ 31.1791906, 47.7999132 ], [ 31.1813448, 47.7989628 ], [ 31.1816105, 47.7987039 ], [ 31.1818975, 47.798485 ], [ 31.1822529, 47.7982588 ], [ 31.182582, 47.7980823 ], [ 31.1838743, 47.7973553 ], [ 31.1845261, 47.7969661 ], [ 31.1849955, 47.7966526 ], [ 31.1847376, 47.7965852 ], [ 31.1844814, 47.7963342 ], [ 31.1846361, 47.7962616 ], [ 31.1847085, 47.7961949 ], [ 31.1848372, 47.796094 ], [ 31.1849794, 47.7960129 ], [ 31.1851269, 47.7959156 ], [ 31.18532, 47.7957426 ], [ 31.18543, 47.7956958 ], [ 31.1856043, 47.7956219 ], [ 31.1856741, 47.7954705 ], [ 31.1856365, 47.7953048 ], [ 31.1855561, 47.7952147 ], [ 31.18554, 47.795085 ], [ 31.1853576, 47.7948237 ], [ 31.1853629, 47.7947534 ], [ 31.1854702, 47.7945498 ], [ 31.1853603, 47.7944038 ], [ 31.1852664, 47.7943462 ], [ 31.1851135, 47.7941101 ], [ 31.1849901, 47.7940308 ], [ 31.1847863, 47.7939858 ], [ 31.1846334, 47.7939263 ], [ 31.1845717, 47.7938308 ], [ 31.1846414, 47.7936867 ], [ 31.1847568, 47.7935984 ], [ 31.1849472, 47.7935029 ], [ 31.1851323, 47.7933966 ], [ 31.1852208, 47.7933371 ], [ 31.1853415, 47.7932867 ], [ 31.1854809, 47.7933011 ], [ 31.1856553, 47.7933191 ], [ 31.185843, 47.7932578 ], [ 31.1858591, 47.7931966 ], [ 31.1860308, 47.7930578 ], [ 31.186173, 47.7930308 ], [ 31.1863339, 47.7929893 ], [ 31.1864251, 47.7929335 ], [ 31.1865592, 47.7928632 ], [ 31.1867523, 47.7926938 ], [ 31.1868998, 47.7925893 ], [ 31.1871332, 47.7924452 ], [ 31.1872566, 47.7923803 ], [ 31.1874175, 47.7923298 ], [ 31.1875892, 47.7922343 ], [ 31.187734, 47.7921064 ], [ 31.1877689, 47.7920307 ], [ 31.1877501, 47.791928 ], [ 31.1876804, 47.791773 ], [ 31.187329, 47.791391 ], [ 31.1867899, 47.7917838 ], [ 31.1847889, 47.7931029 ], [ 31.1839843, 47.7936398 ], [ 31.1833352, 47.7938236 ], [ 31.1823642, 47.7939462 ], [ 31.1818761, 47.7940254 ], [ 31.1813825, 47.7938849 ], [ 31.1812102, 47.7937377 ], [ 31.1816731, 47.7933523 ], [ 31.1819377, 47.7931354 ], [ 31.1817577, 47.792906 ], [ 31.1817378, 47.792894 ], [ 31.1811733, 47.7925533 ], [ 31.1806262, 47.7930011 ], [ 31.1805953, 47.7930056 ], [ 31.1805551, 47.7929965 ], [ 31.1804666, 47.7929614 ], [ 31.1803873, 47.7929295 ], [ 31.1803783, 47.7929259 ], [ 31.180368, 47.7929218 ], [ 31.1802989, 47.7928884 ], [ 31.1802426, 47.7928722 ], [ 31.1801822, 47.7928686 ], [ 31.1801139, 47.7928844 ], [ 31.1800983, 47.7928921 ], [ 31.1800636, 47.7929092 ], [ 31.1800012, 47.7929695 ], [ 31.1799804, 47.7930006 ], [ 31.179969, 47.7930281 ], [ 31.179969, 47.7930614 ], [ 31.1799999, 47.7930957 ], [ 31.1801098, 47.7931912 ], [ 31.180134, 47.7932146 ], [ 31.1801729, 47.7932578 ], [ 31.1802386, 47.7933443 ], [ 31.1803083, 47.7934461 ], [ 31.1805484, 47.7936741 ], [ 31.1807442, 47.7938921 ], [ 31.1808595, 47.7940489 ], [ 31.1809534, 47.7941678 ], [ 31.1810446, 47.7942597 ], [ 31.181117, 47.7943047 ], [ 31.1812323, 47.7943822 ], [ 31.1813101, 47.7944363 ], [ 31.181455, 47.7945768 ], [ 31.1824201, 47.7953118 ], [ 31.1824393, 47.7953732 ], [ 31.1824279, 47.7954169 ], [ 31.182391, 47.7954507 ], [ 31.1819431, 47.7957246 ], [ 31.1808702, 47.7962219 ], [ 31.1795801, 47.7967661 ], [ 31.1795211, 47.7967841 ], [ 31.1794889, 47.7967715 ], [ 31.1794487, 47.7967571 ], [ 31.1793521, 47.7966526 ], [ 31.1793119, 47.7965841 ], [ 31.1791389, 47.7961819 ], [ 31.1790356, 47.7959444 ], [ 31.1764185, 47.7970683 ], [ 31.1791906, 47.7999132 ] ] ] } },
{ "type": "Feature", "properties": { "osm_id": 182796002, "name": "Зуєвська ТЕС", "station_name_en": "Zuivska power station", "oblast_name_en": "Donetsk", "area_m2": 3644194.2165340981, "eor_source": null, "eor_description": null, "eor_first_date": null, "eor_all_dates": [ ], "infra_type": "Thermal", "latitude": 48.034203515454294, "longitude": 38.282747590971802, "attack_waves": [ ], "n_attack_waves": 0, "attack_waves_str": null }, "geometry": { "type": "Polygon", "coordinates": [ [ [ 38.2627006, 48.0348844 ], [ 38.2680813, 48.0366881 ], [ 38.2778368, 48.0361993 ], [ 38.2830342, 48.0381352 ], [ 38.2831415, 48.0397707 ], [ 38.2846059, 48.0397729 ], [ 38.2846059, 48.0410354 ], [ 38.2860222, 48.040935 ], [ 38.2860222, 48.0397011 ], [ 38.2895198, 48.039572 ], [ 38.2909145, 48.0378934 ], [ 38.2906356, 48.0362147 ], [ 38.29394, 48.0359852 ], [ 38.2984891, 48.0306761 ], [ 38.294698, 48.0296113 ], [ 38.2904853, 48.0284519 ], [ 38.2888268, 48.0296456 ], [ 38.2888235, 48.031011 ], [ 38.2887839, 48.031134 ], [ 38.2884262, 48.031137 ], [ 38.2830181, 48.0311353 ], [ 38.2792318, 48.0312984 ], [ 38.2716884, 48.0316232 ], [ 38.267354, 48.0335603 ], [ 38.2624187, 48.0335316 ], [ 38.2627006, 48.0348844 ] ] ] } },
{ "type": "Feature", "properties": { "osm_id": 188469789, "name": "Тальнівська ГЕС", "station_name_en": null, "oblast_name_en": "Cherkasy", "area_m2": 597.61101676205135, "eor_source": null, "eor_description": null, "eor_first_date": null, "eor_all_dates": [ ], "infra_type": "Hydro", "latitude": 48.906981819582349, "longitude": 30.675230284027961, "attack_waves": [ ], "n_attack_waves": 0, "attack_waves_str": null }, "geometry": { "type": "Polygon", "coordinates": [ [ [ 30.675075, 48.9070102 ], [ 30.6753281, 48.907066 ], [ 30.6753856, 48.9069535 ], [ 30.6751325, 48.9068976 ], [ 30.675075, 48.9070102 ] ] ] } },
{ "type": "Feature", "properties": { "osm_id": 201563235, "name": "Калуська ТЕЦ", "station_name_en": "Kaluska Power Plant", "oblast_name_en": "Ivano-Frankivsk", "area_m2": 1538032.7894422365, "eor_source": null, "eor_description": null, "eor_first_date": null, "eor_all_dates": [ ], "infra_type": "CHP", "latitude": 49.070191654976426, "longitude": 24.316319430976506, "attack_waves": [ ], "n_attack_waves": 0, "attack_waves_str": null }, "geometry": { "type": "Polygon", "coordinates": [ [ [ 24.3234132, 49.0744039 ], [ 24.3067446, 49.0702391 ], [ 24.3068176, 49.0701164 ], [ 24.3092899, 49.0659609 ], [ 24.3114327, 49.066505 ], [ 24.3259045, 49.0701795 ], [ 24.3243619, 49.0728012 ], [ 24.3234132, 49.0744039 ] ] ] } },
{ "type": "Feature", "properties": { "osm_id": 201566320, "name": "Теребле-Ріцька ГЕС", "station_name_en": null, "oblast_name_en": "Zakarpattia", "area_m2": 45806.986220337465, "eor_source": null, "eor_description": null, "eor_first_date": null, "eor_all_dates": [ ], "infra_type": "Hydro", "latitude": 48.372159351690165, "longitude": 23.579156192161271, "attack_waves": [ ], "n_attack_waves": 0, "attack_waves_str": null }, "geometry": { "type": "Polygon", "coordinates": [ [ [ 23.5819203, 48.3712177 ], [ 23.5782234, 48.3720756 ], [ 23.5780552, 48.3716452 ], [ 23.5776056, 48.3717585 ], [ 23.5777908, 48.3721222 ], [ 23.5774153, 48.3722078 ], [ 23.5774383, 48.372909 ], [ 23.5779372, 48.3730579 ], [ 23.5779798, 48.3731604 ], [ 23.5785703, 48.3731694 ], [ 23.5787038, 48.3722658 ], [ 23.5814327, 48.3715207 ], [ 23.5816051, 48.3719337 ], [ 23.5822277, 48.3718036 ], [ 23.5819203, 48.3712177 ] ] ] } },
{ "type": "Feature", "properties": { "osm_id": 201659414, "name": "Яворська МГЕС", "station_name_en": null, "oblast_name_en": "Lviv", "area_m2": 3605.2710514762816, "eor_source": null, "eor_description": null, "eor_first_date": null, "eor_all_dates": [ ], "infra_type": "Hydro", "latitude": 49.178410516181643, "longitude": 23.058254130863059, "attack_waves": [ ], "n_attack_waves": 0, "attack_waves_str": null }, "geometry": { "type": "Polygon", "coordinates": [ [ [ 23.058525, 49.1786609 ], [ 23.0586647, 49.1785195 ], [ 23.058566, 49.1784779 ], [ 23.0586219, 49.1784213 ], [ 23.0580143, 49.1781649 ], [ 23.0578188, 49.1783629 ], [ 23.058525, 49.1786609 ] ] ] } },
{ "type": "Feature", "properties": { "osm_id": 216537489, "name": "Оноківська ГЕС", "station_name_en": null, "oblast_name_en": "Zakarpattia", "area_m2": 1796.7953121552862, "eor_source": null, "eor_description": null, "eor_first_date": null, "eor_all_dates": [ ], "infra_type": "Hydro", "latitude": 48.662674835442893, "longitude": 22.35741712068889, "attack_waves": [ ], "n_attack_waves": 0, "attack_waves_str": null }, "geometry": { "type": "Polygon", "coordinates": [ [ [ 22.3573811, 48.6628653 ], [ 22.3575461, 48.6627478 ], [ 22.3575388, 48.6627434 ], [ 22.3575563, 48.6627308 ], [ 22.3575609, 48.6627275 ], [ 22.3575355, 48.6627121 ], [ 22.357652, 48.6626282 ], [ 22.3576761, 48.6626109 ], [ 22.3574442, 48.6624686 ], [ 22.3574118, 48.6624916 ], [ 22.357446, 48.6625126 ], [ 22.3572964, 48.662619 ], [ 22.3571497, 48.6627235 ], [ 22.3573811, 48.6628653 ] ] ] } },
{ "type": "Feature", "properties": { "osm_id": 218722215, "name": "ТЕЦ-4 (Дарницька ТЕЦ)", "station_name_en": "Kyiv-4 (Darnytska) Power Plant", "oblast_name_en": "Kiev City", "area_m2": 838793.25670838263, "eor_source": null, "eor_description": null, "eor_first_date": null, "eor_all_dates": [ ], "infra_type": "CHP", "latitude": 50.448058863327148, "longitude": 30.643948911976153, "attack_waves": [ ], "n_attack_waves": 0, "attack_waves_str": null }, "geometry": { "type": "Polygon", "coordinates": [ [ [ 30.6421381, 50.4453607 ], [ 30.641938, 50.4456458 ], [ 30.6410004, 50.445399 ], [ 30.640714, 50.4455637 ], [ 30.6404096, 50.4454847 ], [ 30.6397036, 50.4464744 ], [ 30.6394817, 50.4467876 ], [ 30.6394238, 50.4467724 ], [ 30.6378862, 50.449118 ], [ 30.6388564, 50.4493806 ], [ 30.63919, 50.4495049 ], [ 30.6392406, 50.4495219 ], [ 30.6393264, 50.4493983 ], [ 30.6401584, 50.4496317 ], [ 30.6400895, 50.4497239 ], [ 30.6417551, 50.4501935 ], [ 30.6418069, 50.4502517 ], [ 30.6418934, 50.4502295 ], [ 30.6422442, 50.4503305 ], [ 30.64241, 50.4503765 ], [ 30.6438482, 50.4507748 ], [ 30.6444579, 50.4498643 ], [ 30.6452168, 50.4497786 ], [ 30.646687, 50.4501822 ], [ 30.6481779, 50.4505915 ], [ 30.650274, 50.4473928 ], [ 30.6498385, 50.4472725 ], [ 30.6422683, 50.4451816 ], [ 30.6421381, 50.4453607 ] ] ] } },
{ "type": "Feature", "properties": { "osm_id": 221586009, "name": null, "station_name_en": null, "oblast_name_en": "Chernihiv", "area_m2": 781.58810251470652, "eor_source": null, "eor_description": null, "eor_first_date": null, "eor_all_dates": [ ], "infra_type": "Hydro", "latitude": 51.630582947495391, "longitude": 31.581109418936855, "attack_waves": [ ], "n_attack_waves": 0, "attack_waves_str": null }, "geometry": { "type": "Polygon", "coordinates": [ [ [ 31.581296, 51.6306399 ], [ 31.5810487, 51.6304595 ], [ 31.5809469, 51.6305133 ], [ 31.5809423, 51.6305157 ], [ 31.5809228, 51.630526 ], [ 31.5811702, 51.6307064 ], [ 31.581296, 51.6306399 ] ] ] } },
{ "type": "Feature", "properties": { "osm_id": 223405933, "name": "Ужгородська ГЕС", "station_name_en": null, "oblast_name_en": "Zakarpattia", "area_m2": 894.25104103960064, "eor_source": null, "eor_description": null, "eor_first_date": null, "eor_all_dates": [ ], "infra_type": "Hydro", "latitude": 48.624302890574377, "longitude": 22.317907871339049, "attack_waves": [ ], "n_attack_waves": 0, "attack_waves_str": null }, "geometry": { "type": "Polygon", "coordinates": [ [ [ 22.3176897, 48.6243951 ], [ 22.318143, 48.6243141 ], [ 22.3180997, 48.624208 ], [ 22.3178128, 48.6242592 ], [ 22.3178218, 48.6242812 ], [ 22.3176553, 48.6243109 ], [ 22.3176897, 48.6243951 ] ] ] } },
{ "type": "Feature", "properties": { "osm_id": 243042492, "name": "П'ятничанська МГЕС", "station_name_en": null, "oblast_name_en": "Khmelnytskyi", "area_m2": 647.8782217939339, "eor_source": null, "eor_description": null, "eor_first_date": null, "eor_all_dates": [ ], "infra_type": "Hydro", "latitude": 48.817066550608331, "longitude": 26.257016629695233, "attack_waves": [ ], "n_attack_waves": 0, "attack_waves_str": null }, "geometry": { "type": "Polygon", "coordinates": [ [ [ 26.2569067, 48.8169712 ], [ 26.2568476, 48.8170618 ], [ 26.2569675, 48.8170957 ], [ 26.2569489, 48.8171243 ], [ 26.2571016, 48.8171675 ], [ 26.2571793, 48.8170483 ], [ 26.2569813, 48.8169923 ], [ 26.2569067, 48.8169712 ] ] ] } },
{ "type": "Feature", "properties": { "osm_id": 289030278, "name": "Завалівська МГЕС", "station_name_en": null, "oblast_name_en": "Ternopil", "area_m2": 1937.8217996914054, "eor_source": null, "eor_description": null, "eor_first_date": null, "eor_all_dates": [ ], "infra_type": "Hydro", "latitude": 48.603700501259659, "longitude": 26.326022994571439, "attack_waves": [ ], "n_attack_waves": 0, "attack_waves_str": null }, "geometry": { "type": "Polygon", "coordinates": [ [ [ 26.3256769, 48.6038323 ], [ 26.3260276, 48.6037649 ], [ 26.3266116, 48.6036527 ], [ 26.3265807, 48.6035826 ], [ 26.3259752, 48.603699 ], [ 26.3259353, 48.6036083 ], [ 26.3256062, 48.6036715 ], [ 26.3256769, 48.6038323 ] ] ] } },
{ "type": "Feature", "properties": { "osm_id": 289038307, "name": "Ніверківська МГЕС", "station_name_en": null, "oblast_name_en": "Ternopil", "area_m2": 1634.8335091127831, "eor_source": null, "eor_description": null, "eor_first_date": null, "eor_all_dates": [ ], "infra_type": "Hydro", "latitude": 48.714696916884776, "longitude": 26.235020800794551, "attack_waves": [ ], "n_attack_waves": 0, "attack_waves_str": null }, "geometry": { "type": "Polygon", "coordinates": [ [ [ 26.2352858, 48.7146085 ], [ 26.2348177, 48.7149781 ], [ 26.2347297, 48.7149296 ], [ 26.2350534, 48.714674 ], [ 26.2348891, 48.7145834 ], [ 26.2350335, 48.7144694 ], [ 26.2352858, 48.7146085 ] ] ] } },
{ "type": "Feature", "properties": { "osm_id": 294646146, "name": null, "station_name_en": null, "oblast_name_en": "Donetsk", "area_m2": 217.01539526150015, "eor_source": null, "eor_description": null, "eor_first_date": null, "eor_all_dates": [ ], "infra_type": "Thermal", "latitude": 47.933638289045184, "longitude": 37.664955669163284, "attack_waves": [ ], "n_attack_waves": 0, "attack_waves_str": null }, "geometry": { "type": "Polygon", "coordinates": [ [ [ 37.6649069, 47.933698 ], [ 37.6650122, 47.9336648 ], [ 37.6649971, 47.9336433 ], [ 37.6650537, 47.9336254 ], [ 37.6650218, 47.9335801 ], [ 37.6648599, 47.9336312 ], [ 37.6649069, 47.933698 ] ] ] } },
{ "type": "Feature", "properties": { "osm_id": 313235620, "name": "Повчанська ГЕС", "station_name_en": null, "oblast_name_en": "Zhytomyr", "area_m2": 698.64708510660853, "eor_source": null, "eor_description": null, "eor_first_date": null, "eor_all_dates": [ ], "infra_type": "Hydro", "latitude": 51.13951845, "longitude": 28.53220625, "attack_waves": [ ], "n_attack_waves": 0, "attack_waves_str": null }, "geometry": { "type": "Polygon", "coordinates": [ [ [ 28.5320674, 51.1395819 ], [ 28.5321506, 51.1394165 ], [ 28.5323451, 51.139455 ], [ 28.5322619, 51.1396204 ], [ 28.5320674, 51.1395819 ] ] ] } },
{ "type": "Feature", "properties": { "osm_id": 314534695, "name": "вулиця Миротворців", "station_name_en": null, "oblast_name_en": "Dnipropetrovsk", "area_m2": 0.0, "eor_source": null, "eor_description": null, "eor_first_date": null, "eor_all_dates": [ ], "infra_type": "Thermal", "latitude": 47.644695186366526, "longitude": 34.64389756551688, "attack_waves": [ ], "n_attack_waves": 0, "attack_waves_str": null }, "geometry": { "type": "LineString", "coordinates": [ [ 34.6396401, 47.6445545 ], [ 34.6420337, 47.6446171 ], [ 34.6430626, 47.6446572 ], [ 34.643842, 47.6446945 ], [ 34.6476489, 47.6448132 ], [ 34.64773, 47.6448523 ], [ 34.6478239, 47.6449209 ], [ 34.6481193, 47.6449887 ] ] } },
{ "type": "Feature", "properties": { "osm_id": 326465746, "name": "Щедрівська ГЕС", "station_name_en": "Water-power plant", "oblast_name_en": "Khmelnytskyi", "area_m2": 2257.5963026728409, "eor_source": null, "eor_description": null, "eor_first_date": null, "eor_all_dates": [ ], "infra_type": "Hydro", "latitude": 49.412124225773915, "longitude": 27.630496696966219, "attack_waves": [ ], "n_attack_waves": 0, "attack_waves_str": null }, "geometry": { "type": "Polygon", "coordinates": [ [ [ 27.6301329, 49.4122656 ], [ 27.6302681, 49.4123403 ], [ 27.6303098, 49.4123236 ], [ 27.6303356, 49.4123143 ], [ 27.6304562, 49.4122141 ], [ 27.630509, 49.4121714 ], [ 27.6305523, 49.4121374 ], [ 27.6306733, 49.4122026 ], [ 27.6308514, 49.4120627 ], [ 27.6305786, 49.4119156 ], [ 27.6301329, 49.4122656 ] ] ] } },
{ "type": "Feature", "properties": { "osm_id": 329828174, "name": "Глибочанська ГЕС", "station_name_en": null, "oblast_name_en": "Vinnytsya", "area_m2": 1079.7817585986143, "eor_source": null, "eor_description": null, "eor_first_date": null, "eor_all_dates": [ ], "infra_type": "Hydro", "latitude": 48.523548249491945, "longitude": 29.39162486310034, "attack_waves": [ ], "n_attack_waves": 0, "attack_waves_str": null }, "geometry": { "type": "Polygon", "coordinates": [ [ [ 29.3918268, 48.5236095 ], [ 29.3917933, 48.5234555 ], [ 29.3914217, 48.5234887 ], [ 29.3914552, 48.5236396 ], [ 29.3918268, 48.5236095 ] ] ] } },
{ "type": "Feature", "properties": { "osm_id": 331953548, "name": "Миронівська ТЕС", "station_name_en": null, "oblast_name_en": "Luhansk", "area_m2": 516659.95909475407, "eor_source": null, "eor_description": null, "eor_first_date": null, "eor_all_dates": [ ], "infra_type": "Thermal", "latitude": 48.481635616209765, "longitude": 38.28717795610703, "attack_waves": [ ], "n_attack_waves": 0, "attack_waves_str": null }, "geometry": { "type": "Polygon", "coordinates": [ [ [ 38.2844842, 48.4777616 ], [ 38.2821753, 48.4788607 ], [ 38.282097, 48.4793088 ], [ 38.2895142, 48.4852515 ], [ 38.2911115, 48.4849633 ], [ 38.292616, 48.4843063 ], [ 38.2923393, 48.4839158 ], [ 38.2919555, 48.4835242 ], [ 38.2911157, 48.4832676 ], [ 38.2902773, 48.4824353 ], [ 38.2844842, 48.4777616 ] ] ] } },
{ "type": "Feature", "properties": { "osm_id": 335196718, "name": null, "station_name_en": null, "oblast_name_en": "Ternopil", "area_m2": 798.43647259870772, "eor_source": null, "eor_description": null, "eor_first_date": null, "eor_all_dates": [ ], "infra_type": "Hydro", "latitude": 49.139411029594754, "longitude": 26.171032145624878, "attack_waves": [ ], "n_attack_waves": 0, "attack_waves_str": null }, "geometry": { "type": "Polygon", "coordinates": [ [ [ 26.1710765, 49.13928 ], [ 26.1709074, 49.1393044 ], [ 26.1709878, 49.1395421 ], [ 26.1711569, 49.1395176 ], [ 26.1710765, 49.13928 ] ] ] } },
{ "type": "Feature", "properties": { "osm_id": 337452657, "name": "Новошицька ГЕС", "station_name_en": null, "oblast_name_en": "Lviv", "area_m2": 6927.4879413343324, "eor_source": null, "eor_description": null, "eor_first_date": null, "eor_all_dates": [ ], "infra_type": "Hydro", "latitude": 49.476628866007054, "longitude": 23.427589133117451, "attack_waves": [ ], "n_attack_waves": 0, "attack_waves_str": null }, "geometry": { "type": "Polygon", "coordinates": [ [ [ 23.4278733, 49.4770317 ], [ 23.4272922, 49.4770362 ], [ 23.4272877, 49.4767936 ], [ 23.4274471, 49.4767923 ], [ 23.4274328, 49.4760184 ], [ 23.427676, 49.4760165 ], [ 23.4276802, 49.476245 ], [ 23.4276868, 49.4766002 ], [ 23.4278653, 49.4765988 ], [ 23.4278672, 49.4767011 ], [ 23.4278733, 49.4770317 ] ] ] } },
{ "type": "Feature", "properties": { "osm_id": 353831845, "name": "Котельня", "station_name_en": null, "oblast_name_en": "Donetsk", "area_m2": 2152.0593071843596, "eor_source": null, "eor_description": null, "eor_first_date": null, "eor_all_dates": [ ], "infra_type": "Thermal", "latitude": 48.08622235, "longitude": 38.0708247, "attack_waves": [ ], "n_attack_waves": 0, "attack_waves_str": null }, "geometry": { "type": "Polygon", "coordinates": [ [ [ 38.0705511, 48.0863389 ], [ 38.0708138, 48.086439 ], [ 38.0710983, 48.0861058 ], [ 38.0708356, 48.0860057 ], [ 38.0705511, 48.0863389 ] ] ] } },
{ "type": "Feature", "properties": { "osm_id": 357061832, "name": "Дніпровська ТЕЦ", "station_name_en": null, "oblast_name_en": "Dnipropetrovsk", "area_m2": 363621.58998553269, "eor_source": null, "eor_description": null, "eor_first_date": null, "eor_all_dates": [ ], "infra_type": "CHP", "latitude": 48.529754430560985, "longitude": 34.604992938104672, "attack_waves": [ ], "n_attack_waves": 0, "attack_waves_str": null }, "geometry": { "type": "Polygon", "coordinates": [ [ [ 34.6012046, 48.5297264 ], [ 34.6014021, 48.5310856 ], [ 34.6029505, 48.5312749 ], [ 34.604208, 48.5308276 ], [ 34.6045873, 48.5307828 ], [ 34.605164, 48.5307828 ], [ 34.6053095, 48.5307966 ], [ 34.6056785, 48.5309377 ], [ 34.6064371, 48.5309686 ], [ 34.6074659, 48.530886 ], [ 34.6077205, 48.5312508 ], [ 34.6083908, 48.5311407 ], [ 34.6089832, 48.5311372 ], [ 34.6096223, 48.5309273 ], [ 34.6098665, 48.5302495 ], [ 34.6087337, 48.5297024 ], [ 34.60678, 48.5287182 ], [ 34.6065098, 48.5289832 ], [ 34.6064056, 48.5289368 ], [ 34.6059833, 48.5287488 ], [ 34.6058915, 48.5287079 ], [ 34.6058239, 48.5283569 ], [ 34.6040053, 48.5277306 ], [ 34.6018645, 48.528233 ], [ 34.6019633, 48.5294133 ], [ 34.6012046, 48.5297264 ] ] ] } },
{ "type": "Feature", "properties": { "osm_id": 360746175, "name": "Закинута гідроелектростанція", "station_name_en": null, "oblast_name_en": "Cherkasy", "area_m2": 1000.5400770924366, "eor_source": null, "eor_description": null, "eor_first_date": null, "eor_all_dates": [ ], "infra_type": "Hydro", "latitude": 49.091372629102686, "longitude": 30.39685663641577, "attack_waves": [ ], "n_attack_waves": 0, "attack_waves_str": null }, "geometry": { "type": "Polygon", "coordinates": [ [ [ 30.3968092, 49.0915079 ], [ 30.3970193, 49.09146 ], [ 30.3969441, 49.0913072 ], [ 30.3969016, 49.0912383 ], [ 30.3966915, 49.0912862 ], [ 30.3968092, 49.0915079 ] ] ] } },
{ "type": "Feature", "properties": { "osm_id": 368460996, "name": "МГЕС Шипіт-2", "station_name_en": null, "oblast_name_en": "Zakarpattia", "area_m2": 13771.13183831939, "eor_source": null, "eor_description": null, "eor_first_date": null, "eor_all_dates": [ ], "infra_type": "Hydro", "latitude": 48.739965285625956, "longitude": 22.838554449323887, "attack_waves": [ ], "n_attack_waves": 0, "attack_waves_str": null }, "geometry": { "type": "Polygon", "coordinates": [ [ [ 22.8384572, 48.7406272 ], [ 22.8390983, 48.7402558 ], [ 22.838873, 48.7401151 ], [ 22.8387456, 48.7400391 ], [ 22.8388946, 48.7399169 ], [ 22.8389454, 48.7398489 ], [ 22.8389454, 48.7397348 ], [ 22.8388931, 48.7396349 ], [ 22.8387268, 48.7395243 ], [ 22.8388233, 48.7394465 ], [ 22.8386224, 48.7393084 ], [ 22.8380416, 48.739786 ], [ 22.8384572, 48.7406272 ] ] ] } },
{ "type": "Feature", "properties": { "osm_id": 387207054, "name": "Петрашівська ГЕС", "station_name_en": null, "oblast_name_en": "Vinnytsya", "area_m2": 306.9699506171354, "eor_source": null, "eor_description": null, "eor_first_date": null, "eor_all_dates": [ ], "infra_type": "Hydro", "latitude": 48.3039554, "longitude": 28.1652118, "attack_waves": [ ], "n_attack_waves": 0, "attack_waves_str": null }, "geometry": { "type": "Polygon", "coordinates": [ [ [ 28.1651696, 48.3040275 ], [ 28.165328, 48.3039521 ], [ 28.165254, 48.3038833 ], [ 28.1650956, 48.3039587 ], [ 28.1651696, 48.3040275 ] ] ] } },
{ "type": "Feature", "properties": { "osm_id": 388450536, "name": "Одеська ТЕЦ", "station_name_en": null, "oblast_name_en": "Odessa", "area_m2": 575647.81377628609, "eor_source": null, "eor_description": null, "eor_first_date": null, "eor_all_dates": [ ], "infra_type": "CHP", "latitude": 46.503481214491629, "longitude": 30.715212346446194, "attack_waves": [ ], "n_attack_waves": 0, "attack_waves_str": null }, "geometry": { "type": "Polygon", "coordinates": [ [ [ 30.7197135, 46.5045582 ], [ 30.7199966, 46.5045753 ], [ 30.7200101, 46.5044882 ], [ 30.7202983, 46.5044968 ], [ 30.7202732, 46.5045543 ], [ 30.720457, 46.5045687 ], [ 30.7210944, 46.5009368 ], [ 30.7194234, 46.501075 ], [ 30.716316, 46.5013515 ], [ 30.7155197, 46.501662 ], [ 30.71511, 46.5015431 ], [ 30.7149918, 46.5008718 ], [ 30.7137999, 46.5010384 ], [ 30.7138825, 46.5012336 ], [ 30.7126307, 46.5014763 ], [ 30.7125681, 46.5013613 ], [ 30.7124052, 46.5013383 ], [ 30.7112942, 46.5032184 ], [ 30.7112399, 46.5035433 ], [ 30.711219, 46.5042303 ], [ 30.7114328, 46.505024 ], [ 30.7118715, 46.5057122 ], [ 30.7120249, 46.5056979 ], [ 30.7125606, 46.5064323 ], [ 30.713324, 46.5070245 ], [ 30.7138441, 46.5073409 ], [ 30.7142056, 46.5073412 ], [ 30.7147402, 46.5072294 ], [ 30.7159392, 46.5067893 ], [ 30.7158273, 46.5066328 ], [ 30.7152053, 46.5058511 ], [ 30.7150417, 46.5055631 ], [ 30.7149921, 46.5052222 ], [ 30.7159693, 46.5036432 ], [ 30.7160779, 46.5031717 ], [ 30.7163869, 46.502936 ], [ 30.7165239, 46.5029262 ], [ 30.7200707, 46.5026715 ], [ 30.7197135, 46.5045582 ] ] ] } },
{ "type": "Feature", "properties": { "osm_id": 396071026, "name": "Гутівська ГЕС", "station_name_en": null, "oblast_name_en": "Vinnytsya", "area_m2": 212.44118836072198, "eor_source": null, "eor_description": null, "eor_first_date": null, "eor_all_dates": [ ], "infra_type": "Hydro", "latitude": 48.678513846369178, "longitude": 29.08876087976795, "attack_waves": [ ], "n_attack_waves": 0, "attack_waves_str": null }, "geometry": { "type": "Polygon", "coordinates": [ [ [ 29.0888554, 48.6785048 ], [ 29.0887802, 48.6784521 ], [ 29.0886664, 48.6785229 ], [ 29.0887415, 48.6785756 ], [ 29.0888203, 48.6785266 ], [ 29.0888554, 48.6785048 ] ] ] } },
{ "type": "Feature", "properties": { "osm_id": 398375069, "name": "Дмитренківська ГЕС", "station_name_en": null, "oblast_name_en": "Vinnytsya", "area_m2": 830.65520180260455, "eor_source": null, "eor_description": null, "eor_first_date": null, "eor_all_dates": [ ], "infra_type": "Hydro", "latitude": 48.689154281150913, "longitude": 29.295979000631256, "attack_waves": [ ], "n_attack_waves": 0, "attack_waves_str": null }, "geometry": { "type": "Polygon", "coordinates": [ [ [ 29.2961576, 48.6892067 ], [ 29.2958237, 48.6892326 ], [ 29.2958005, 48.6891018 ], [ 29.2961343, 48.689076 ], [ 29.2961395, 48.6891053 ], [ 29.2961576, 48.6892067 ] ] ] } },
{ "type": "Feature", "properties": { "osm_id": 409447800, "name": "Сєвєродонецька ТЕЦ", "station_name_en": "Severodonetsk Cogeneration Plant", "oblast_name_en": "Luhansk", "area_m2": 1318956.0799256824, "eor_source": null, "eor_description": null, "eor_first_date": null, "eor_all_dates": [ ], "infra_type": "CHP", "latitude": 48.935953656119771, "longitude": 38.456087686143121, "attack_waves": [ ], "n_attack_waves": 0, "attack_waves_str": null }, "geometry": { "type": "Polygon", "coordinates": [ [ [ 38.4579411, 48.9405598 ], [ 38.4555441, 48.9399618 ], [ 38.455469, 48.9400781 ], [ 38.4539916, 48.9396644 ], [ 38.4533715, 48.9407687 ], [ 38.4515315, 48.9402895 ], [ 38.4520036, 48.9395425 ], [ 38.451522, 48.9394173 ], [ 38.4505176, 48.9380872 ], [ 38.4504129, 48.937253 ], [ 38.4510378, 48.9361411 ], [ 38.4520531, 48.9357613 ], [ 38.4526452, 48.9347275 ], [ 38.4527948, 48.9346092 ], [ 38.4528981, 48.9344735 ], [ 38.4530495, 48.9342779 ], [ 38.4532427, 48.9339361 ], [ 38.4537518, 48.9330539 ], [ 38.4545833, 48.9316712 ], [ 38.4554543, 48.9311097 ], [ 38.4557453, 48.9309908 ], [ 38.4558432, 48.9309899 ], [ 38.4569335, 48.9312489 ], [ 38.4568369, 48.9314181 ], [ 38.4573841, 48.9315608 ], [ 38.4574713, 48.9314119 ], [ 38.4621388, 48.9326061 ], [ 38.459267, 48.9373578 ], [ 38.460018, 48.9375657 ], [ 38.4591007, 48.9391126 ], [ 38.4588271, 48.9390527 ], [ 38.4579411, 48.9405598 ] ] ] } },
{ "type": "Feature", "properties": { "osm_id": 410179973, "name": "Зуївська експериментальна ТЕЦ", "station_name_en": null, "oblast_name_en": "Donetsk", "area_m2": 719427.85179344832, "eor_source": null, "eor_description": null, "eor_first_date": null, "eor_all_dates": [ ], "infra_type": "CHP", "latitude": 48.017953218186328, "longitude": 38.25701035663301, "attack_waves": [ ], "n_attack_waves": 0, "attack_waves_str": null }, "geometry": { "type": "Polygon", "coordinates": [ [ [ 38.2618101, 48.0134781 ], [ 38.2570467, 48.0142591 ], [ 38.2556927, 48.0155565 ], [ 38.2533107, 48.0192573 ], [ 38.2531239, 48.0212189 ], [ 38.2579807, 48.0223683 ], [ 38.258896, 48.021019 ], [ 38.2576861, 48.0202765 ], [ 38.2618101, 48.0134781 ] ] ] } },
{ "type": "Feature", "properties": { "osm_id": 432664159, "name": "Новокостянтинівська ГЕС", "station_name_en": null, "oblast_name_en": "Khmelnytskyi", "area_m2": 1108.7676020033591, "eor_source": null, "eor_description": null, "eor_first_date": null, "eor_all_dates": [ ], "infra_type": "Hydro", "latitude": 49.475590926696228, "longitude": 27.709267105187827, "attack_waves": [ ], "n_attack_waves": 0, "attack_waves_str": null }, "geometry": { "type": "Polygon", "coordinates": [ [ [ 27.7090728, 49.4756507 ], [ 27.709256, 49.4757385 ], [ 27.7094695, 49.4755503 ], [ 27.7092412, 49.475441 ], [ 27.7091609, 49.4755118 ], [ 27.7092059, 49.4755333 ], [ 27.7090728, 49.4756507 ] ] ] } },
{ "type": "Feature", "properties": { "osm_id": 446152209, "name": "Стеблівська ГЕС", "station_name_en": null, "oblast_name_en": "Cherkasy", "area_m2": 1252.4223033659846, "eor_source": null, "eor_description": null, "eor_first_date": null, "eor_all_dates": [ ], "infra_type": "Hydro", "latitude": 49.407674472531802, "longitude": 31.108219407366004, "attack_waves": [ ], "n_attack_waves": 0, "attack_waves_str": null }, "geometry": { "type": "Polygon", "coordinates": [ [ [ 31.1083477, 49.407543 ], [ 31.1081933, 49.4076266 ], [ 31.108138, 49.4075833 ], [ 31.1079732, 49.4076726 ], [ 31.1081576, 49.4078167 ], [ 31.1083862, 49.4076929 ], [ 31.1083795, 49.4076877 ], [ 31.10847, 49.4076387 ], [ 31.1083477, 49.407543 ] ] ] } },
{ "type": "Feature", "properties": { "osm_id": 447103825, "name": "Більче-Золотецька ГЕС", "station_name_en": null, "oblast_name_en": "Ternopil", "area_m2": 5403.788129296674, "eor_source": null, "eor_description": null, "eor_first_date": null, "eor_all_dates": [ ], "infra_type": "Hydro", "latitude": 48.775697444237885, "longitude": 25.864573058881444, "attack_waves": [ ], "n_attack_waves": 0, "attack_waves_str": null }, "geometry": { "type": "Polygon", "coordinates": [ [ [ 25.8650216, 48.7760294 ], [ 25.8652081, 48.7758471 ], [ 25.8641246, 48.7753655 ], [ 25.863938, 48.7755478 ], [ 25.8650216, 48.7760294 ] ] ] } },
{ "type": "Feature", "properties": { "osm_id": 447106443, "name": "Снятинська ГЕС", "station_name_en": null, "oblast_name_en": "Ivano-Frankivsk", "area_m2": 5180.9155239102447, "eor_source": null, "eor_description": null, "eor_first_date": null, "eor_all_dates": [ ], "infra_type": "Hydro", "latitude": 48.438353424081576, "longitude": 25.575564113575204, "attack_waves": [ ], "n_attack_waves": 0, "attack_waves_str": null }, "geometry": { "type": "Polygon", "coordinates": [ [ [ 25.5750267, 48.4380212 ], [ 25.5752001, 48.4382174 ], [ 25.5752306, 48.4382519 ], [ 25.5752843, 48.438231 ], [ 25.5754603, 48.43843 ], [ 25.575743, 48.4387498 ], [ 25.5760694, 48.4386228 ], [ 25.5760053, 48.4385467 ], [ 25.5758451, 48.4383726 ], [ 25.5757518, 48.4382636 ], [ 25.5756185, 48.4383164 ], [ 25.5754652, 48.438137 ], [ 25.5752815, 48.437922 ], [ 25.5751447, 48.4379752 ], [ 25.5750267, 48.4380212 ] ] ] } },
{ "type": "Feature", "properties": { "osm_id": 447121048, "name": "Касперівська ГЕС", "station_name_en": null, "oblast_name_en": "Ternopil", "area_m2": 2204.4639560875494, "eor_source": null, "eor_description": null, "eor_first_date": null, "eor_all_dates": [ ], "infra_type": "Hydro", "latitude": 48.669382959801645, "longitude": 25.853578626931441, "attack_waves": [ ], "n_attack_waves": 0, "attack_waves_str": null }, "geometry": { "type": "Polygon", "coordinates": [ [ [ 25.8536139, 48.669375 ], [ 25.8531618, 48.6696365 ], [ 25.8532404, 48.6696957 ], [ 25.8539106, 48.6693081 ], [ 25.8536691, 48.6691261 ], [ 25.853451, 48.6692522 ], [ 25.8536139, 48.669375 ] ] ] } },
{ "type": "Feature", "properties": { "osm_id": 447122083, "name": "Осівська ГЕС", "station_name_en": null, "oblast_name_en": "Ternopil", "area_m2": 224.43136413991076, "eor_source": null, "eor_description": null, "eor_first_date": null, "eor_all_dates": [ ], "infra_type": "Hydro", "latitude": 49.1552054, "longitude": 25.356323, "attack_waves": [ ], "n_attack_waves": 0, "attack_waves_str": null }, "geometry": { "type": "Polygon", "coordinates": [ [ [ 25.3563353, 49.1552692 ], [ 25.3564187, 49.1552203 ], [ 25.3563107, 49.1551416 ], [ 25.3562273, 49.1551905 ], [ 25.3563353, 49.1552692 ] ] ] } },
{ "type": "Feature", "properties": { "osm_id": 447122886, "name": "Золотолипнянська ГЕС", "station_name_en": null, "oblast_name_en": "Ivano-Frankivsk", "area_m2": 275.35173552276478, "eor_source": null, "eor_description": null, "eor_first_date": null, "eor_all_dates": [ ], "infra_type": "Hydro", "latitude": 48.985654238967328, "longitude": 25.070177716901686, "attack_waves": [ ], "n_attack_waves": 0, "attack_waves_str": null }, "geometry": { "type": "Polygon", "coordinates": [ [ [ 25.070176, 48.9857364 ], [ 25.0702652, 48.985713 ], [ 25.0701795, 48.9855721 ], [ 25.0700902, 48.9855955 ], [ 25.070176, 48.9857364 ] ] ] } },
{ "type": "Feature", "properties": { "osm_id": 449516459, "name": null, "station_name_en": null, "oblast_name_en": "Ternopil", "area_m2": 1041.6060007187236, "eor_source": null, "eor_description": null, "eor_first_date": null, "eor_all_dates": [ ], "infra_type": "Hydro", "latitude": 49.450033609093069, "longitude": 24.94072426279649, "attack_waves": [ ], "n_attack_waves": 0, "attack_waves_str": null }, "geometry": { "type": "Polygon", "coordinates": [ [ [ 24.940522, 49.4499279 ], [ 24.9407832, 49.4499868 ], [ 24.9409766, 49.4500302 ], [ 24.940946, 49.4501023 ], [ 24.9409192, 49.4501376 ], [ 24.9407008, 49.4500885 ], [ 24.9404646, 49.4500353 ], [ 24.9404914, 49.4500012 ], [ 24.940522, 49.4499279 ] ] ] } },
{ "type": "Feature", "properties": { "osm_id": 450200670, "name": "Станція теплопостачання №2", "station_name_en": null, "oblast_name_en": "Kiev City", "area_m2": 365992.61545479187, "eor_source": null, "eor_description": null, "eor_first_date": null, "eor_all_dates": [ ], "infra_type": "Thermal", "latitude": 50.481114699873871, "longitude": 30.514049069963463, "attack_waves": [ ], "n_attack_waves": 0, "attack_waves_str": null }, "geometry": { "type": "Polygon", "coordinates": [ [ [ 30.5167167, 50.4826979 ], [ 30.5167061, 50.4821995 ], [ 30.5168107, 50.481382 ], [ 30.5164995, 50.4811942 ], [ 30.5163609, 50.4797625 ], [ 30.5163394, 50.4794397 ], [ 30.5162367, 50.479071 ], [ 30.5159094, 50.4789225 ], [ 30.5151531, 50.4790385 ], [ 30.5149385, 50.4791973 ], [ 30.5148232, 50.4792007 ], [ 30.5147695, 50.479018 ], [ 30.5135317, 50.4790377 ], [ 30.5132849, 50.4791077 ], [ 30.5132849, 50.4794678 ], [ 30.5119378, 50.4794908 ], [ 30.5118231, 50.4795024 ], [ 30.5117326, 50.4795267 ], [ 30.5116213, 50.4795971 ], [ 30.5115562, 50.4796931 ], [ 30.5112895, 50.4802845 ], [ 30.5112435, 50.4803801 ], [ 30.5114019, 50.4804109 ], [ 30.5116005, 50.4804467 ], [ 30.5119988, 50.4804688 ], [ 30.5112451, 50.4823847 ], [ 30.5114744, 50.4829317 ], [ 30.5110144, 50.483116 ], [ 30.5110236, 50.4831304 ], [ 30.5110609, 50.4831886 ], [ 30.5110707, 50.4832039 ], [ 30.5127546, 50.4830297 ], [ 30.5139182, 50.4829186 ], [ 30.5140444, 50.4829201 ], [ 30.5142556, 50.482904 ], [ 30.5143242, 50.4828908 ], [ 30.5162134, 50.4827799 ], [ 30.5167155, 50.4827505 ], [ 30.5167167, 50.4826979 ] ] ] } },
{ "type": "Feature", "properties": { "osm_id": 450569880, "name": "Черкаська ТЕЦ", "station_name_en": "Cherkasy Power Plant", "oblast_name_en": "Cherkasy", "area_m2": 1422353.3764574681, "eor_source": null, "eor_description": null, "eor_first_date": null, "eor_all_dates": [ ], "infra_type": "CHP", "latitude": 49.388466904787897, "longitude": 32.065162261246797, "attack_waves": [ ], "n_attack_waves": 0, "attack_waves_str": null }, "geometry": { "type": "Polygon", "coordinates": [ [ [ 32.06018, 49.388246 ], [ 32.0605072, 49.3880941 ], [ 32.0685391, 49.3943057 ], [ 32.0734033, 49.3916382 ], [ 32.0713447, 49.3900417 ], [ 32.0710496, 49.3899491 ], [ 32.0706983, 49.3897047 ], [ 32.0704515, 49.3893538 ], [ 32.065822, 49.3857746 ], [ 32.0619824, 49.3828058 ], [ 32.0617303, 49.3827962 ], [ 32.061263, 49.3829215 ], [ 32.0606826, 49.3830967 ], [ 32.0571263, 49.3849801 ], [ 32.0592694, 49.3867034 ], [ 32.059087, 49.3871225 ], [ 32.0595202, 49.3875677 ], [ 32.0595108, 49.3876725 ], [ 32.06018, 49.388246 ] ] ] } },
{ "type": "Feature", "properties": { "osm_id": 473807251, "name": "Маловорожб'янська ГЕС", "station_name_en": null, "oblast_name_en": "Sumy", "area_m2": 416.92899912017185, "eor_source": null, "eor_description": null, "eor_first_date": null, "eor_all_dates": [ ], "infra_type": "Hydro", "latitude": 50.6733619, "longitude": 34.6959991, "attack_waves": [ ], "n_attack_waves": 0, "attack_waves_str": null }, "geometry": { "type": "Polygon", "coordinates": [ [ [ 34.6958703, 50.6734058 ], [ 34.6961331, 50.673399 ], [ 34.6961279, 50.673318 ], [ 34.6958651, 50.6733248 ], [ 34.6958703, 50.6734058 ] ] ] } },
{ "type": "Feature", "properties": { "osm_id": 491126695, "name": "Бобрівська ГЕС", "station_name_en": null, "oblast_name_en": "Sumy", "area_m2": 275.09860246345909, "eor_source": null, "eor_description": null, "eor_first_date": null, "eor_all_dates": [ ], "infra_type": "Hydro", "latitude": 50.502620548312571, "longitude": 34.342724231577954, "attack_waves": [ ], "n_attack_waves": 0, "attack_waves_str": null }, "geometry": { "type": "Polygon", "coordinates": [ [ [ 34.3426635, 50.5025622 ], [ 34.342616, 50.5026328 ], [ 34.3427849, 50.5026789 ], [ 34.3428325, 50.5026083 ], [ 34.3426635, 50.5025622 ] ] ] } },
{ "type": "Feature", "properties": { "osm_id": 500377951, "name": "Бондарівська МГЕС", "station_name_en": null, "oblast_name_en": "Khmelnytskyi", "area_m2": 564.01872497056604, "eor_source": null, "eor_description": null, "eor_first_date": null, "eor_all_dates": [ ], "infra_type": "Hydro", "latitude": 49.038204602062784, "longitude": 26.206473721555216, "attack_waves": [ ], "n_attack_waves": 0, "attack_waves_str": null }, "geometry": { "type": "Polygon", "coordinates": [ [ [ 26.2064824, 49.0382989 ], [ 26.2064084, 49.0382579 ], [ 26.2063086, 49.0381948 ], [ 26.2063469, 49.0381657 ], [ 26.2064112, 49.0381246 ], [ 26.2065048, 49.0381793 ], [ 26.2065657, 49.0381336 ], [ 26.2066458, 49.0381816 ], [ 26.2064824, 49.0382989 ] ] ] } },
{ "type": "Feature", "properties": { "osm_id": 504364351, "name": "Лопатицька ГЕС", "station_name_en": null, "oblast_name_en": "Zhytomyr", "area_m2": 2466.2336639408086, "eor_source": null, "eor_description": null, "eor_first_date": null, "eor_all_dates": [ ], "infra_type": "Hydro", "latitude": 51.162716795541471, "longitude": 27.544682567427284, "attack_waves": [ ], "n_attack_waves": 0, "attack_waves_str": null }, "geometry": { "type": "Polygon", "coordinates": [ [ [ 27.5445973, 51.1628289 ], [ 27.544563, 51.1628087 ], [ 27.5444486, 51.1627415 ], [ 27.5444128, 51.1627654 ], [ 27.5443088, 51.1627042 ], [ 27.5446679, 51.1624641 ], [ 27.5448653, 51.1625803 ], [ 27.5446545, 51.1627212 ], [ 27.5451686, 51.1630236 ], [ 27.5452107, 51.1630483 ], [ 27.5451872, 51.163064 ], [ 27.5451597, 51.1630824 ], [ 27.545118, 51.1630579 ], [ 27.5446588, 51.1627878 ], [ 27.5445973, 51.1628289 ] ] ] } },
{ "type": "Feature", "properties": { "osm_id": 507252654, "name": null, "station_name_en": null, "oblast_name_en": "Kiev", "area_m2": 249.30548099337082, "eor_source": null, "eor_description": null, "eor_first_date": null, "eor_all_dates": [ ], "infra_type": "Hydro", "latitude": 49.83871255, "longitude": 29.66008495, "attack_waves": [ ], "n_attack_waves": 0, "attack_waves_str": null }, "geometry": { "type": "Polygon", "coordinates": [ [ [ 29.6600345, 49.8387719 ], [ 29.6600215, 49.8386586 ], [ 29.6601354, 49.8386532 ], [ 29.6601484, 49.8387665 ], [ 29.6600345, 49.8387719 ] ] ] } },
{ "type": "Feature", "properties": { "osm_id": 509478587, "name": "Троянівська ГЕС", "station_name_en": null, "oblast_name_en": "Zhytomyr", "area_m2": 3435.4763994873279, "eor_source": null, "eor_description": null, "eor_first_date": null, "eor_all_dates": [ ], "infra_type": "Hydro", "latitude": 50.134141157655343, "longitude": 28.534625892895324, "attack_waves": [ ], "n_attack_waves": 0, "attack_waves_str": null }, "geometry": { "type": "Polygon", "coordinates": [ [ [ 28.535047, 50.134471 ], [ 28.5352015, 50.1343617 ], [ 28.5346772, 50.134057 ], [ 28.534623, 50.1340953 ], [ 28.5341002, 50.1337915 ], [ 28.5340564, 50.1337661 ], [ 28.533956, 50.1338371 ], [ 28.535047, 50.134471 ] ] ] } },
{ "type": "Feature", "properties": { "osm_id": 510444181, "name": "Мислятинська МГЕС", "station_name_en": null, "oblast_name_en": "Khmelnytskyi", "area_m2": 4100.260425983447, "eor_source": null, "eor_description": null, "eor_first_date": null, "eor_all_dates": [ ], "infra_type": "Hydro", "latitude": 50.085295032919966, "longitude": 26.715584051585559, "attack_waves": [ ], "n_attack_waves": 0, "attack_waves_str": null }, "geometry": { "type": "Polygon", "coordinates": [ [ [ 26.715224, 50.0855803 ], [ 26.7151962, 50.0855674 ], [ 26.7158863, 50.0847553 ], [ 26.7159079, 50.0847678 ], [ 26.7160123, 50.0848046 ], [ 26.7156149, 50.0852532 ], [ 26.7157923, 50.0853312 ], [ 26.7154937, 50.0856788 ], [ 26.715224, 50.0855803 ] ] ] } },
{ "type": "Feature", "properties": { "osm_id": 510445013, "name": "Коржівська МГЕС", "station_name_en": null, "oblast_name_en": "Khmelnytskyi", "area_m2": 1620.1290561099136, "eor_source": null, "eor_description": null, "eor_first_date": null, "eor_all_dates": [ ], "infra_type": "Hydro", "latitude": 49.831827907399017, "longitude": 27.600467258693612, "attack_waves": [ ], "n_attack_waves": 0, "attack_waves_str": null }, "geometry": { "type": "Polygon", "coordinates": [ [ [ 27.599981, 49.8317161 ], [ 27.6003055, 49.8317647 ], [ 27.6004554, 49.8317871 ], [ 27.6004005, 49.831959 ], [ 27.6005427, 49.831981 ], [ 27.6006588, 49.8319989 ], [ 27.6007268, 49.8317965 ], [ 27.6007327, 49.831779 ], [ 27.6005129, 49.8317463 ], [ 27.6000035, 49.8316659 ], [ 27.5999917, 49.8316921 ], [ 27.599981, 49.8317161 ] ] ] } },
{ "type": "Feature", "properties": { "osm_id": 511738133, "name": "МГЕС Шипіт-1", "station_name_en": null, "oblast_name_en": "Zakarpattia", "area_m2": 1109.0566731437987, "eor_source": null, "eor_description": null, "eor_first_date": null, "eor_all_dates": [ ], "infra_type": "Hydro", "latitude": 48.717028945335571, "longitude": 22.821374497272178, "attack_waves": [ ], "n_attack_waves": 0, "attack_waves_str": null }, "geometry": { "type": "Polygon", "coordinates": [ [ [ 22.8211837, 48.716975 ], [ 22.821316, 48.7169592 ], [ 22.8213958, 48.7169495 ], [ 22.821386, 48.7169139 ], [ 22.821514, 48.7168984 ], [ 22.8215553, 48.717048 ], [ 22.8214336, 48.7170627 ], [ 22.821458, 48.7171505 ], [ 22.8213213, 48.717167 ], [ 22.8213032, 48.7171018 ], [ 22.8212379, 48.7171096 ], [ 22.8212217, 48.7171114 ], [ 22.8211837, 48.716975 ] ] ] } },
{ "type": "Feature", "properties": { "osm_id": 520579577, "name": "Шашацька ГЕС", "station_name_en": null, "oblast_name_en": "Poltava", "area_m2": 1773.849470324707, "eor_source": null, "eor_description": null, "eor_first_date": null, "eor_all_dates": [ ], "infra_type": "Hydro", "latitude": 49.87174202298619, "longitude": 33.971536742972383, "attack_waves": [ ], "n_attack_waves": 0, "attack_waves_str": null }, "geometry": { "type": "Polygon", "coordinates": [ [ [ 33.9715207, 49.8714911 ], [ 33.9713798, 49.871729 ], [ 33.9715595, 49.8717732 ], [ 33.9714793, 49.8719085 ], [ 33.9714085, 49.872028 ], [ 33.9713259, 49.8720077 ], [ 33.9712944, 49.8720609 ], [ 33.9714972, 49.8721108 ], [ 33.9715295, 49.8720563 ], [ 33.9714638, 49.8720402 ], [ 33.9715343, 49.8719213 ], [ 33.971755, 49.8715488 ], [ 33.9715207, 49.8714911 ] ] ] } },
{ "type": "Feature", "properties": { "osm_id": 525220228, "name": "Сутиська ГЕС", "station_name_en": null, "oblast_name_en": "Vinnytsya", "area_m2": 6370.0241460984034, "eor_source": null, "eor_description": null, "eor_first_date": null, "eor_all_dates": [ ], "infra_type": "Hydro", "latitude": 49.036901908318228, "longitude": 28.406810856457284, "attack_waves": [ ], "n_attack_waves": 0, "attack_waves_str": null }, "geometry": { "type": "Polygon", "coordinates": [ [ [ 28.4062681, 49.0365126 ], [ 28.4062456, 49.0365002 ], [ 28.4062511, 49.0364918 ], [ 28.4062484, 49.0364782 ], [ 28.4061578, 49.0363286 ], [ 28.4061408, 49.0362986 ], [ 28.4058242, 49.0363753 ], [ 28.405936, 49.0365736 ], [ 28.4060499, 49.036546 ], [ 28.4078926, 49.0376007 ], [ 28.4079943, 49.0375243 ], [ 28.4062681, 49.0365126 ] ] ] } },
{ "type": "Feature", "properties": { "osm_id": 543168611, "name": "Михайлівська ГЕС", "station_name_en": null, "oblast_name_en": "Sumy", "area_m2": 325.23239556844908, "eor_source": null, "eor_description": null, "eor_first_date": null, "eor_all_dates": [ ], "infra_type": "Hydro", "latitude": 50.6644582, "longitude": 34.4335261, "attack_waves": [ ], "n_attack_waves": 0, "attack_waves_str": null }, "geometry": { "type": "Polygon", "coordinates": [ [ [ 34.4334054, 50.6644854 ], [ 34.433488, 50.6645357 ], [ 34.4336468, 50.664431 ], [ 34.4335642, 50.6643807 ], [ 34.4334054, 50.6644854 ] ] ] } },
{ "type": "Feature", "properties": { "osm_id": 604295427, "name": "Шипіт 2", "station_name_en": "Shypit 2", "oblast_name_en": "Zakarpattia", "area_m2": 286.7608491807207, "eor_source": null, "eor_description": null, "eor_first_date": null, "eor_all_dates": [ ], "infra_type": "Hydro", "latitude": 48.754748157048773, "longitude": 22.852034678586417, "attack_waves": [ ], "n_attack_waves": 0, "attack_waves_str": null }, "geometry": { "type": "Polygon", "coordinates": [ [ [ 22.8519526, 48.7546996 ], [ 22.8519899, 48.7548146 ], [ 22.8521168, 48.7547967 ], [ 22.8520794, 48.7546817 ], [ 22.8519526, 48.7546996 ] ] ] } },
{ "type": "Feature", "properties": { "osm_id": 617663761, "name": "Районна котельня «Центральна»", "station_name_en": "Centralna District Power Plant", "oblast_name_en": "Kiev City", "area_m2": 34085.079734571438, "eor_source": null, "eor_description": null, "eor_first_date": null, "eor_all_dates": [ ], "infra_type": "Thermal", "latitude": 50.469218006243402, "longitude": 30.363787015044199, "attack_waves": [ ], "n_attack_waves": 0, "attack_waves_str": null }, "geometry": { "type": "Polygon", "coordinates": [ [ [ 30.3647358, 50.4692357 ], [ 30.3646512, 50.4697154 ], [ 30.3629735, 50.4696351 ], [ 30.362677, 50.4694354 ], [ 30.3626999, 50.4690854 ], [ 30.3628662, 50.4690274 ], [ 30.3630511, 50.468894 ], [ 30.3632629, 50.4686831 ], [ 30.3633873, 50.468686 ], [ 30.3633759, 50.4687881 ], [ 30.363373, 50.4688137 ], [ 30.3634146, 50.4688148 ], [ 30.3634688, 50.4688162 ], [ 30.3635035, 50.4687867 ], [ 30.3635233, 50.4687513 ], [ 30.3635715, 50.468732 ], [ 30.3636315, 50.4687319 ], [ 30.3647049, 50.4687611 ], [ 30.3646995, 50.4688021 ], [ 30.3647853, 50.4688038 ], [ 30.3647358, 50.4692357 ] ] ] } },
{ "type": "Feature", "properties": { "osm_id": 639186823, "name": "Великокужелівська МГЕС", "station_name_en": null, "oblast_name_en": "Khmelnytskyi", "area_m2": 540.80905995860314, "eor_source": null, "eor_description": null, "eor_first_date": null, "eor_all_dates": [ ], "infra_type": "Hydro", "latitude": 48.895757801352332, "longitude": 27.0984985168012, "attack_waves": [ ], "n_attack_waves": 0, "attack_waves_str": null }, "geometry": { "type": "Polygon", "coordinates": [ [ [ 27.0983518, 48.8957698 ], [ 27.0985082, 48.8958548 ], [ 27.0986452, 48.8957458 ], [ 27.0984889, 48.8956608 ], [ 27.0983518, 48.8957698 ] ] ] } },
{ "type": "Feature", "properties": { "osm_id": 722557147, "name": "Енергетичний комплекс (ЕГТУ-16, ПГУ-20)", "station_name_en": null, "oblast_name_en": "Sumy", "area_m2": 44399.956782541507, "eor_source": null, "eor_description": null, "eor_first_date": null, "eor_all_dates": [ ], "infra_type": "Thermal", "latitude": 50.949043446024007, "longitude": 34.789151405705496, "attack_waves": [ ], "n_attack_waves": 0, "attack_waves_str": null }, "geometry": { "type": "Polygon", "coordinates": [ [ [ 34.7880873, 50.9484898 ], [ 34.7883448, 50.948238 ], [ 34.7885364, 50.9480633 ], [ 34.7886834, 50.9481273 ], [ 34.7884918, 50.948302 ], [ 34.7887225, 50.9483984 ], [ 34.7906772, 50.9492181 ], [ 34.7900091, 50.9498713 ], [ 34.7876474, 50.9489148 ], [ 34.7879903, 50.948582 ], [ 34.7880417, 50.9485321 ], [ 34.7880873, 50.9484898 ] ] ] } },
{ "type": "Feature", "properties": { "osm_id": 727454149, "name": "ТЕЦ Лисичанського нафтопереробного заводу", "station_name_en": null, "oblast_name_en": "Luhansk", "area_m2": 418914.38005692954, "eor_source": null, "eor_description": null, "eor_first_date": null, "eor_all_dates": [ ], "infra_type": "CHP", "latitude": 48.858913386126872, "longitude": 38.305407867571084, "attack_waves": [ ], "n_attack_waves": 0, "attack_waves_str": null }, "geometry": { "type": "Polygon", "coordinates": [ [ [ 38.3026926, 48.8597479 ], [ 38.3027228, 48.8568475 ], [ 38.3081288, 48.8568737 ], [ 38.308126, 48.8572469 ], [ 38.3081248, 48.85757 ], [ 38.3081379, 48.8588297 ], [ 38.3080739, 48.8609736 ], [ 38.30268, 48.8609606 ], [ 38.3026926, 48.8597479 ] ] ] } },
{ "type": "Feature", "properties": { "osm_id": 766367829, "name": "Котельня", "station_name_en": null, "oblast_name_en": "Cherkasy", "area_m2": 543.73360837831058, "eor_source": null, "eor_description": null, "eor_first_date": null, "eor_all_dates": [ ], "infra_type": "Thermal", "latitude": 49.2980909, "longitude": 31.4267604, "attack_waves": [ ], "n_attack_waves": 0, "attack_waves_str": null }, "geometry": { "type": "Polygon", "coordinates": [ [ [ 31.4268695, 49.2980248 ], [ 31.4268448, 49.2981709 ], [ 31.4266513, 49.298157 ], [ 31.426676, 49.2980109 ], [ 31.4268695, 49.2980248 ] ] ] } },
{ "type": "Feature", "properties": { "osm_id": 772547880, "name": "Сухорабівська ГЕС", "station_name_en": null, "oblast_name_en": "Poltava", "area_m2": 2611.6373921832037, "eor_source": null, "eor_description": null, "eor_first_date": null, "eor_all_dates": [ ], "infra_type": "Hydro", "latitude": 49.493682290064399, "longitude": 33.806186444237632, "attack_waves": [ ], "n_attack_waves": 0, "attack_waves_str": null }, "geometry": { "type": "Polygon", "coordinates": [ [ [ 33.8059996, 49.4939126 ], [ 33.8058137, 49.4937927 ], [ 33.8063306, 49.4934545 ], [ 33.806553, 49.4935979 ], [ 33.806299, 49.4937641 ], [ 33.8062625, 49.4937406 ], [ 33.8059996, 49.4939126 ] ] ] } },
{ "type": "Feature", "properties": { "osm_id": 778980364, "name": "Іспаська мікрогідроелектростанція", "station_name_en": null, "oblast_name_en": "Chernivtsi", "area_m2": 7746.2016989821404, "eor_source": null, "eor_description": null, "eor_first_date": null, "eor_all_dates": [ ], "infra_type": "Hydro", "latitude": 48.309386544857936, "longitude": 25.257540364349108, "attack_waves": [ ], "n_attack_waves": 0, "attack_waves_str": null }, "geometry": { "type": "Polygon", "coordinates": [ [ [ 25.2574057, 48.3089555 ], [ 25.2569514, 48.3091642 ], [ 25.2572901, 48.3094903 ], [ 25.2573766, 48.3094506 ], [ 25.2577993, 48.3098394 ], [ 25.2581073, 48.3097243 ], [ 25.257875, 48.3094229 ], [ 25.2574057, 48.3089555 ] ] ] } },
{ "type": "Feature", "properties": { "osm_id": 799462596, "name": "Костянтинівська ГЕС", "station_name_en": null, "oblast_name_en": "Mykolayiv", "area_m2": 365.8609420916556, "eor_source": null, "eor_description": null, "eor_first_date": null, "eor_all_dates": [ ], "infra_type": "Hydro", "latitude": 47.817608978561879, "longitude": 31.16619723671041, "attack_waves": [ ], "n_attack_waves": 0, "attack_waves_str": null }, "geometry": { "type": "Polygon", "coordinates": [ [ [ 31.1661681, 47.8176883 ], [ 31.1663124, 47.8176355 ], [ 31.1662264, 47.8175296 ], [ 31.1660821, 47.8175825 ], [ 31.1661484, 47.8176642 ], [ 31.1661681, 47.8176883 ] ] ] } },
{ "type": "Feature", "properties": { "osm_id": 808197847, "name": "ГЕС", "station_name_en": null, "oblast_name_en": "Chernivtsi", "area_m2": 804.67720394455728, "eor_source": null, "eor_description": null, "eor_first_date": null, "eor_all_dates": [ ], "infra_type": "Hydro", "latitude": 48.034819098891518, "longitude": 24.925648094488363, "attack_waves": [ ], "n_attack_waves": 0, "attack_waves_str": null }, "geometry": { "type": "Polygon", "coordinates": [ [ [ 24.9257553, 48.0349127 ], [ 24.9257691, 48.0347493 ], [ 24.9257443, 48.0347483 ], [ 24.9257481, 48.0347033 ], [ 24.9256886, 48.034701 ], [ 24.9256307, 48.0346988 ], [ 24.9256269, 48.034744 ], [ 24.9255916, 48.0347426 ], [ 24.9255874, 48.0347925 ], [ 24.9255082, 48.0347896 ], [ 24.9254986, 48.034903 ], [ 24.9256677, 48.0349094 ], [ 24.9257553, 48.0349127 ] ] ] } },
{ "type": "Feature", "properties": { "osm_id": 839324287, "name": "Чортківська мікроГЕС", "station_name_en": null, "oblast_name_en": "Ternopil", "area_m2": 7216.6810899886314, "eor_source": null, "eor_description": null, "eor_first_date": null, "eor_all_dates": [ ], "infra_type": "Hydro", "latitude": 49.025053597017362, "longitude": 25.784500501846594, "attack_waves": [ ], "n_attack_waves": 0, "attack_waves_str": null }, "geometry": { "type": "Polygon", "coordinates": [ [ [ 25.7837883, 49.0252001 ], [ 25.7840283, 49.0252968 ], [ 25.7840967, 49.0252889 ], [ 25.7841694, 49.025189 ], [ 25.7842442, 49.0251904 ], [ 25.7842496, 49.0252115 ], [ 25.784263, 49.025237 ], [ 25.7843006, 49.0252519 ], [ 25.7843167, 49.0252256 ], [ 25.7844092, 49.0252106 ], [ 25.7844843, 49.0251886 ], [ 25.7846399, 49.0251719 ], [ 25.784782, 49.025164 ], [ 25.7849285, 49.0250958 ], [ 25.7850186, 49.0250785 ], [ 25.7852098, 49.0250846 ], [ 25.7853932, 49.0250905 ], [ 25.7857577, 49.0251023 ], [ 25.7857614, 49.0250533 ], [ 25.7855919, 49.0250478 ], [ 25.7849912, 49.0250285 ], [ 25.7849899, 49.0248888 ], [ 25.7849161, 49.0248413 ], [ 25.7845058, 49.0248729 ], [ 25.7843301, 49.0249345 ], [ 25.784244, 49.0249296 ], [ 25.7839599, 49.0249134 ], [ 25.7837883, 49.0252001 ] ] ] } },
{ "type": "Feature", "properties": { "osm_id": 839716761, "name": "Вороненська ГЕС", "station_name_en": null, "oblast_name_en": "Cherkasy", "area_m2": 507.60038185549791, "eor_source": null, "eor_description": null, "eor_first_date": null, "eor_all_dates": [ ], "infra_type": "Hydro", "latitude": 49.14871310375662, "longitude": 30.234865401408065, "attack_waves": [ ], "n_attack_waves": 0, "attack_waves_str": null }, "geometry": { "type": "Polygon", "coordinates": [ [ [ 30.2347139, 49.1487501 ], [ 30.2347425, 49.1486513 ], [ 30.2350375, 49.1486878 ], [ 30.2350174, 49.1487574 ], [ 30.234905, 49.1487435 ], [ 30.2348965, 49.1487727 ], [ 30.2347139, 49.1487501 ] ] ] } },
{ "type": "Feature", "properties": { "osm_id": 843633455, "name": "Юрпільська ГЕС", "station_name_en": null, "oblast_name_en": "Cherkasy", "area_m2": 452.48580950942358, "eor_source": null, "eor_description": null, "eor_first_date": null, "eor_all_dates": [ ], "infra_type": "Hydro", "latitude": 48.998106759020082, "longitude": 30.521379716942544, "attack_waves": [ ], "n_attack_waves": 0, "attack_waves_str": null }, "geometry": { "type": "Polygon", "coordinates": [ [ [ 30.521361, 48.9982121 ], [ 30.5212707, 48.9980516 ], [ 30.5214277, 48.9980136 ], [ 30.5214766, 48.9981008 ], [ 30.5214207, 48.9981143 ], [ 30.521462, 48.9981877 ], [ 30.521361, 48.9982121 ] ] ] } },
{ "type": "Feature", "properties": { "osm_id": 844044814, "name": "Кунівська ГЕС", "station_name_en": null, "oblast_name_en": "Rivne", "area_m2": 278.0993497460293, "eor_source": null, "eor_description": null, "eor_first_date": null, "eor_all_dates": [ ], "infra_type": "Hydro", "latitude": 50.245767099343368, "longitude": 26.359610005227285, "attack_waves": [ ], "n_attack_waves": 0, "attack_waves_str": null }, "geometry": { "type": "Polygon", "coordinates": [ [ [ 26.3595681, 50.2458335 ], [ 26.3597427, 50.2457401 ], [ 26.3596975, 50.2457056 ], [ 26.3596169, 50.2457487 ], [ 26.3595833, 50.245723 ], [ 26.3594893, 50.2457733 ], [ 26.3595681, 50.2458335 ] ] ] } },
{ "type": "Feature", "properties": { "osm_id": 863913634, "name": "Ладижинська ГЕС", "station_name_en": null, "oblast_name_en": "Vinnytsya", "area_m2": 992.225463802072, "eor_source": null, "eor_description": null, "eor_first_date": null, "eor_all_dates": [ ], "infra_type": "Hydro", "latitude": 48.703889521671982, "longitude": 29.235698394481084, "attack_waves": [ ], "n_attack_waves": 0, "attack_waves_str": null }, "geometry": { "type": "Polygon", "coordinates": [ [ [ 29.2355487, 48.7038045 ], [ 29.2358678, 48.7038085 ], [ 29.2358386, 48.7039846 ], [ 29.2355255, 48.7039604 ], [ 29.2355487, 48.7038045 ] ] ] } },
{ "type": "Feature", "properties": { "osm_id": 865045756, "name": "Звенигородська ГЕС", "station_name_en": null, "oblast_name_en": "Cherkasy", "area_m2": 10568.721578407733, "eor_source": null, "eor_description": null, "eor_first_date": null, "eor_all_dates": [ ], "infra_type": "Hydro", "latitude": 49.094220047703764, "longitude": 30.942636305143701, "attack_waves": [ ], "n_attack_waves": 0, "attack_waves_str": null }, "geometry": { "type": "Polygon", "coordinates": [ [ [ 30.941815, 49.0944063 ], [ 30.9419216, 49.0943909 ], [ 30.9420079, 49.0943815 ], [ 30.9421483, 49.0943848 ], [ 30.942198, 49.0944534 ], [ 30.9428371, 49.0943941 ], [ 30.9428754, 49.094347 ], [ 30.9433646, 49.0943312 ], [ 30.9434374, 49.0943496 ], [ 30.9435081, 49.0943896 ], [ 30.9434451, 49.0940146 ], [ 30.9418076, 49.0940857 ], [ 30.9418157, 49.0942337 ], [ 30.941815, 49.0944063 ] ] ] } },
{ "type": "Feature", "properties": { "osm_id": 876273641, "name": "Ізяславська ГЕС", "station_name_en": null, "oblast_name_en": "Khmelnytskyi", "area_m2": 372.03644281093716, "eor_source": null, "eor_description": null, "eor_first_date": null, "eor_all_dates": [ ], "infra_type": "Hydro", "latitude": 50.121248286691745, "longitude": 26.814889889351353, "attack_waves": [ ], "n_attack_waves": 0, "attack_waves_str": null }, "geometry": { "type": "Polygon", "coordinates": [ [ [ 26.8148066, 50.1213334 ], [ 26.8150098, 50.1212564 ], [ 26.8149239, 50.1211632 ], [ 26.8148123, 50.1212055 ], [ 26.8148593, 50.1212565 ], [ 26.8147677, 50.1212912 ], [ 26.8148066, 50.1213334 ] ] ] } },
{ "type": "Feature", "properties": { "osm_id": 879417323, "name": "Опішнянська ГЕС", "station_name_en": null, "oblast_name_en": "Poltava", "area_m2": 8117.8654619325471, "eor_source": null, "eor_description": null, "eor_first_date": null, "eor_all_dates": [ ], "infra_type": "Hydro", "latitude": 49.949384603205736, "longitude": 34.647505352253127, "attack_waves": [ ], "n_attack_waves": 0, "attack_waves_str": null }, "geometry": { "type": "Polygon", "coordinates": [ [ [ 34.6475594, 49.9490242 ], [ 34.647023, 49.949107 ], [ 34.647251, 49.9496317 ], [ 34.6477123, 49.9497128 ], [ 34.6480311, 49.9495635 ], [ 34.648048, 49.9494734 ], [ 34.647716, 49.9492838 ], [ 34.6475594, 49.9490242 ] ] ] } },
{ "type": "Feature", "properties": { "osm_id": 909962483, "name": "Корсунь-Шевченківська ГЕС", "station_name_en": null, "oblast_name_en": "Cherkasy", "area_m2": 118522.68190475, "eor_source": null, "eor_description": null, "eor_first_date": null, "eor_all_dates": [ ], "infra_type": "Hydro", "latitude": 49.411850649580117, "longitude": 31.263858044007812, "attack_waves": [ ], "n_attack_waves": 0, "attack_waves_str": null }, "geometry": { "type": "Polygon", "coordinates": [ [ [ 31.262926, 49.4109221 ], [ 31.2628666, 49.4112893 ], [ 31.2627222, 49.4116608 ], [ 31.2625365, 49.4119203 ], [ 31.2622545, 49.4120993 ], [ 31.2619794, 49.4121754 ], [ 31.2616424, 49.4122246 ], [ 31.2613673, 49.4122022 ], [ 31.2611989, 49.4124124 ], [ 31.2615172, 49.4125724 ], [ 31.2616415, 49.4125501 ], [ 31.2617782, 49.4125764 ], [ 31.26185, 49.4125842 ], [ 31.2606242, 49.413534 ], [ 31.2605552, 49.4135846 ], [ 31.2607267, 49.4136821 ], [ 31.2619155, 49.412761 ], [ 31.2620029, 49.4127737 ], [ 31.2622752, 49.4128048 ], [ 31.2624678, 49.4127869 ], [ 31.2627051, 49.4127131 ], [ 31.2631569, 49.4125367 ], [ 31.2634446, 49.4125248 ], [ 31.2637359, 49.4125625 ], [ 31.2640041, 49.4126864 ], [ 31.2655517, 49.412306 ], [ 31.2655034, 49.4122327 ], [ 31.2659333, 49.4121141 ], [ 31.2658921, 49.4120334 ], [ 31.2658671, 49.4119875 ], [ 31.2657866, 49.4118397 ], [ 31.2657407, 49.4117556 ], [ 31.2662162, 49.4116138 ], [ 31.2653205, 49.4106461 ], [ 31.2651347, 49.4107223 ], [ 31.2645975, 49.4109448 ], [ 31.2641261, 49.4109596 ], [ 31.2639534, 49.4109492 ], [ 31.2639453, 49.410601 ], [ 31.2636234, 49.410601 ], [ 31.2636341, 49.4109221 ], [ 31.262926, 49.4109221 ] ] ] } },
{ "type": "Feature", "properties": { "osm_id": 975800323, "name": "ГЕС Демидівка", "station_name_en": null, "oblast_name_en": "Vinnytsya", "area_m2": 224.67648090589245, "eor_source": null, "eor_description": null, "eor_first_date": null, "eor_all_dates": [ ], "infra_type": "Hydro", "latitude": 49.117917699930551, "longitude": 28.256525483314512, "attack_waves": [ ], "n_attack_waves": 0, "attack_waves_str": null }, "geometry": { "type": "Polygon", "coordinates": [ [ [ 28.2565087, 49.1178559 ], [ 28.2564296, 49.1179181 ], [ 28.2565422, 49.1179795 ], [ 28.2566214, 49.1179173 ], [ 28.2565087, 49.1178559 ] ] ] } },
{ "type": "Feature", "properties": { "osm_id": 1012744913, "name": "МГЕС \"Нижні Млини\"", "station_name_en": null, "oblast_name_en": "Poltava", "area_m2": 2054.4360759897536, "eor_source": null, "eor_description": null, "eor_first_date": null, "eor_all_dates": [ ], "infra_type": "Hydro", "latitude": 49.536596900286256, "longitude": 34.586567162212773, "attack_waves": [ ], "n_attack_waves": 0, "attack_waves_str": null }, "geometry": { "type": "Polygon", "coordinates": [ [ [ 34.5862457, 49.5364517 ], [ 34.5863243, 49.5365187 ], [ 34.5866755, 49.5368177 ], [ 34.5868737, 49.5367284 ], [ 34.5864828, 49.5363902 ], [ 34.5862457, 49.5364517 ] ] ] } },
{ "type": "Feature", "properties": { "osm_id": 1020373904, "name": "Чернятська ГЕС", "station_name_en": null, "oblast_name_en": "Vinnytsya", "area_m2": 706.38361029916098, "eor_source": null, "eor_description": null, "eor_first_date": null, "eor_all_dates": [ ], "infra_type": "Hydro", "latitude": 48.484697670580161, "longitude": 29.682904902592242, "attack_waves": [ ], "n_attack_waves": 0, "attack_waves_str": null }, "geometry": { "type": "Polygon", "coordinates": [ [ [ 29.6829163, 48.4847919 ], [ 29.6828796, 48.4847452 ], [ 29.6831257, 48.4846584 ], [ 29.6830691, 48.4845905 ], [ 29.6828145, 48.4846816 ], [ 29.682782, 48.4846506 ], [ 29.6827065, 48.4846828 ], [ 29.6828342, 48.484824 ], [ 29.6829163, 48.4847919 ] ] ] } },
{ "type": "Feature", "properties": { "osm_id": 1062331038, "name": null, "station_name_en": null, "oblast_name_en": "Volyn", "area_m2": 710.92569043266042, "eor_source": null, "eor_description": null, "eor_first_date": null, "eor_all_dates": [ ], "infra_type": "Thermal", "latitude": 51.219293484956175, "longitude": 25.727675904804531, "attack_waves": [ ], "n_attack_waves": 0, "attack_waves_str": null }, "geometry": { "type": "Polygon", "coordinates": [ [ [ 25.7277316, 51.2194066 ], [ 25.727856, 51.2193381 ], [ 25.72762, 51.2191795 ], [ 25.7274966, 51.2192507 ], [ 25.7277316, 51.2194066 ] ] ] } },
{ "type": "Feature", "properties": { "osm_id": 1211768009, "name": "Красношурська Міні ГЕС", "station_name_en": null, "oblast_name_en": "Zakarpattia", "area_m2": 556.65710468936754, "eor_source": null, "eor_description": null, "eor_first_date": null, "eor_all_dates": [ ], "infra_type": "Hydro", "latitude": 48.234549595664241, "longitude": 23.915593208640257, "attack_waves": [ ], "n_attack_waves": 0, "attack_waves_str": null }, "geometry": { "type": "Polygon", "coordinates": [ [ [ 23.9154332, 48.2346229 ], [ 23.9155867, 48.2345642 ], [ 23.915626, 48.2346098 ], [ 23.9157968, 48.2345446 ], [ 23.9157338, 48.2344714 ], [ 23.915584, 48.2345286 ], [ 23.9155274, 48.2345027 ], [ 23.9153787, 48.2345595 ], [ 23.9154332, 48.2346229 ] ] ] } },
{ "type": "Feature", "properties": { "osm_id": 1333494361, "name": null, "station_name_en": null, "oblast_name_en": "Mykolayiv", "area_m2": 589.87315845307739, "eor_source": null, "eor_description": null, "eor_first_date": null, "eor_all_dates": [ ], "infra_type": "Thermal", "latitude": 47.014504149101853, "longitude": 31.925335188375769, "attack_waves": [ ], "n_attack_waves": 0, "attack_waves_str": null }, "geometry": { "type": "Polygon", "coordinates": [ [ [ 31.9251812, 47.0145444 ], [ 31.9253522, 47.014395 ], [ 31.9253759, 47.0144054 ], [ 31.9254531, 47.0144453 ], [ 31.9254903, 47.014464 ], [ 31.9253908, 47.0145484 ], [ 31.9253643, 47.0145735 ], [ 31.9253157, 47.0146146 ], [ 31.9252962, 47.0146044 ], [ 31.9252809, 47.0145958 ], [ 31.9252072, 47.0145578 ], [ 31.9251812, 47.0145444 ] ] ] } },
{ "type": "Feature", "properties": { "osm_id": 1385143863, "name": "Березівська ГЕС", "station_name_en": null, "oblast_name_en": "Odessa", "area_m2": 394.80753605704058, "eor_source": null, "eor_description": null, "eor_first_date": null, "eor_all_dates": [ ], "infra_type": "Hydro", "latitude": 48.167689003844544, "longitude": 30.037316133342213, "attack_waves": [ ], "n_attack_waves": 0, "attack_waves_str": null }, "geometry": { "type": "Polygon", "coordinates": [ [ [ 30.0373159, 48.1676024 ], [ 30.0371934, 48.1676607 ], [ 30.0373163, 48.1677756 ], [ 30.0374389, 48.1677173 ], [ 30.0373159, 48.1676024 ] ] ] } },
{ "type": "Feature", "properties": { "osm_id": 1385143864, "name": "Сальківська ГЕС", "station_name_en": null, "oblast_name_en": "Kirovohrad", "area_m2": 263.92511745942613, "eor_source": null, "eor_description": null, "eor_first_date": null, "eor_all_dates": [ ], "infra_type": "Hydro", "latitude": 48.2569615, "longitude": 29.9731248, "attack_waves": [ ], "n_attack_waves": 0, "attack_waves_str": null }, "geometry": { "type": "Polygon", "coordinates": [ [ [ 29.9730347, 48.2569116 ], [ 29.9730098, 48.2569765 ], [ 29.9732149, 48.2570114 ], [ 29.9732398, 48.2569465 ], [ 29.9730347, 48.2569116 ] ] ] } },
{ "type": "Feature", "properties": { "osm_id": 1385143875, "name": "Орловська ГЕС", "station_name_en": null, "oblast_name_en": "Kirovohrad", "area_m2": 147.52352109447952, "eor_source": null, "eor_description": null, "eor_first_date": null, "eor_all_dates": [ ], "infra_type": "Hydro", "latitude": 48.469629574506662, "longitude": 30.655009259216254, "attack_waves": [ ], "n_attack_waves": 0, "attack_waves_str": null }, "geometry": { "type": "Polygon", "coordinates": [ [ [ 30.6549643, 48.4696726 ], [ 30.6550578, 48.4696709 ], [ 30.6550542, 48.4695865 ], [ 30.6549607, 48.4695883 ], [ 30.6549643, 48.4696726 ] ] ] } },
{ "type": "Feature", "properties": { "osm_id": 1385143877, "name": "МГЕС Полонисте", "station_name_en": null, "oblast_name_en": "Kirovohrad", "area_m2": 321.35179544244238, "eor_source": null, "eor_description": null, "eor_first_date": null, "eor_all_dates": [ ], "infra_type": "Hydro", "latitude": 48.475123239984839, "longitude": 30.522215368957088, "attack_waves": [ ], "n_attack_waves": 0, "attack_waves_str": null }, "geometry": { "type": "Polygon", "coordinates": [ [ [ 30.522153, 48.4751632 ], [ 30.5223005, 48.4751755 ], [ 30.5223214, 48.4750877 ], [ 30.522129, 48.4750707 ], [ 30.522111, 48.4751591 ], [ 30.522153, 48.4751632 ] ] ] } },
{ "type": "Feature", "properties": { "osm_id": 1385143878, "name": "Перегонівська ГЕС", "station_name_en": null, "oblast_name_en": "Kirovohrad", "area_m2": 284.83989473616015, "eor_source": null, "eor_description": null, "eor_first_date": null, "eor_all_dates": [ ], "infra_type": "Hydro", "latitude": 48.515686873321727, "longitude": 30.526245723183095, "attack_waves": [ ], "n_attack_waves": 0, "attack_waves_str": null }, "geometry": { "type": "Polygon", "coordinates": [ [ [ 30.5263085, 48.5157211 ], [ 30.5263095, 48.5156277 ], [ 30.5261855, 48.5156245 ], [ 30.5261806, 48.5157464 ], [ 30.5261918, 48.5157467 ], [ 30.5263075, 48.5157477 ], [ 30.5263085, 48.5157211 ] ] ] } },
{ "type": "Feature", "properties": { "osm_id": 1385143880, "name": "Краснохутірська ГЕС", "station_name_en": null, "oblast_name_en": "Kirovohrad", "area_m2": 3952.5180434875001, "eor_source": null, "eor_description": null, "eor_first_date": null, "eor_all_dates": [ ], "infra_type": "Hydro", "latitude": 48.192926805005349, "longitude": 30.833800466113914, "attack_waves": [ ], "n_attack_waves": 0, "attack_waves_str": null }, "geometry": { "type": "Polygon", "coordinates": [ [ [ 30.8340525, 48.1929377 ], [ 30.8339694, 48.1931607 ], [ 30.8335259, 48.1930897 ], [ 30.8334304, 48.1929967 ], [ 30.8335261, 48.1927973 ], [ 30.8337274, 48.1928493 ], [ 30.8337994, 48.1926793 ], [ 30.8340611, 48.192718 ], [ 30.8341434, 48.1927327 ], [ 30.8340525, 48.1929377 ] ] ] } },
{ "type": "Feature", "properties": { "osm_id": 1385143881, "name": "Лебединська ГЕС", "station_name_en": null, "oblast_name_en": "Kirovohrad", "area_m2": 201.80340614453644, "eor_source": null, "eor_description": null, "eor_first_date": null, "eor_all_dates": [ ], "infra_type": "Hydro", "latitude": 48.458109061587599, "longitude": 30.588332594940137, "attack_waves": [ ], "n_attack_waves": 0, "attack_waves_str": null }, "geometry": { "type": "Polygon", "coordinates": [ [ [ 30.5884225, 48.4580981 ], [ 30.5882985, 48.4580536 ], [ 30.5882417, 48.4581183 ], [ 30.5883668, 48.4581653 ], [ 30.5883723, 48.4581591 ], [ 30.5884225, 48.4580981 ] ] ] } },
{ "type": "Feature", "properties": { "osm_id": 1415417598, "name": "Давидівська ГЕС", "station_name_en": null, "oblast_name_en": "Kirovohrad", "area_m2": 6051.6278086024631, "eor_source": null, "eor_description": null, "eor_first_date": null, "eor_all_dates": [ ], "infra_type": "Hydro", "latitude": 48.462571823327181, "longitude": 30.530330990892057, "attack_waves": [ ], "n_attack_waves": 0, "attack_waves_str": null }, "geometry": { "type": "Polygon", "coordinates": [ [ [ 30.5301474, 48.46279 ], [ 30.5298738, 48.4626766 ], [ 30.53, 48.4625033 ], [ 30.5300631, 48.4623788 ], [ 30.5301556, 48.4622739 ], [ 30.530684, 48.4623984 ], [ 30.5306008, 48.4625424 ], [ 30.5306974, 48.4625656 ], [ 30.5307001, 48.462546 ], [ 30.5307884, 48.4625613 ], [ 30.5307685, 48.462614 ], [ 30.5307698, 48.4626492 ], [ 30.530764, 48.4626755 ], [ 30.5306838, 48.4627562 ], [ 30.5306037, 48.4627212 ], [ 30.5304788, 48.462835 ], [ 30.5303329, 48.4627934 ], [ 30.5303059, 48.4628352 ], [ 30.5301474, 48.46279 ] ] ] } },
{ "type": "Feature", "properties": { "osm_id": 1467079689, "name": "Малояблунівська  мала ГЕС", "station_name_en": null, "oblast_name_en": "Cherkasy", "area_m2": 267.34418182625546, "eor_source": null, "eor_description": null, "eor_first_date": null, "eor_all_dates": [ ], "infra_type": "Hydro", "latitude": 49.170868744374346, "longitude": 31.925353065561406, "attack_waves": [ ], "n_attack_waves": 0, "attack_waves_str": null }, "geometry": { "type": "Polygon", "coordinates": [ [ [ 31.9251473, 49.1709122 ], [ 31.9251682, 49.1709421 ], [ 31.9255592, 49.1708251 ], [ 31.9255384, 49.1707954 ], [ 31.9254964, 49.1708079 ], [ 31.9252322, 49.1708868 ], [ 31.9251473, 49.1709122 ] ] ] } },
{ "type": "Feature", "properties": { "osm_id": 1480039522, "name": null, "station_name_en": null, "oblast_name_en": "Ternopil", "area_m2": 6757.4109052372196, "eor_source": null, "eor_description": null, "eor_first_date": null, "eor_all_dates": [ ], "infra_type": "Hydro", "latitude": 49.085805266826632, "longitude": 25.753304350646854, "attack_waves": [ ], "n_attack_waves": 0, "attack_waves_str": null }, "geometry": { "type": "Polygon", "coordinates": [ [ [ 25.7540739, 49.0861736 ], [ 25.754149, 49.0861947 ], [ 25.7542664, 49.0861422 ], [ 25.7543606, 49.086024 ], [ 25.7542596, 49.0859895 ], [ 25.7543455, 49.085858 ], [ 25.7542136, 49.0858189 ], [ 25.7541982, 49.0858345 ], [ 25.7540925, 49.0859742 ], [ 25.7540345, 49.0859544 ], [ 25.7540075, 49.0859883 ], [ 25.7535786, 49.0858467 ], [ 25.7537288, 49.0856818 ], [ 25.7536416, 49.0856503 ], [ 25.7534673, 49.0858453 ], [ 25.7522201, 49.0853938 ], [ 25.7521101, 49.0855221 ], [ 25.7533202, 49.085933 ], [ 25.7534758, 49.0859822 ], [ 25.7535133, 49.0859347 ], [ 25.7541061, 49.0861385 ], [ 25.7540739, 49.0861736 ] ] ] } },
{ "type": "Feature", "properties": { "osm_id": 3828051, "name": "Луганська теплова електростанція", "station_name_en": "Luhansk power station", "oblast_name_en": "Luhansk", "area_m2": 2663909.9637687723, "eor_source": null, "eor_description": null, "eor_first_date": null, "eor_all_dates": [ ], "infra_type": "Thermal", "latitude": 48.753071640107336, "longitude": 39.265570363125015, "attack_waves": [ ], "n_attack_waves": 0, "attack_waves_str": null }, "geometry": { "type": "Polygon", "coordinates": [ [ [ 39.2760551, 48.7584933 ], [ 39.2739031, 48.7569958 ], [ 39.2728091, 48.7566288 ], [ 39.2713393, 48.7558154 ], [ 39.2706353, 48.7553032 ], [ 39.2692023, 48.7543692 ], [ 39.2684919, 48.7519501 ], [ 39.2671859, 48.7500153 ], [ 39.2672655, 48.7496431 ], [ 39.2681542, 48.7492601 ], [ 39.2682741, 48.7490551 ], [ 39.2659353, 48.7466798 ], [ 39.2632914, 48.7439944 ], [ 39.2623857, 48.7439123 ], [ 39.2598352, 48.7450181 ], [ 39.2596949, 48.7450805 ], [ 39.256842, 48.7451324 ], [ 39.2552815, 48.7459327 ], [ 39.2572626, 48.7482339 ], [ 39.2577013, 48.7492822 ], [ 39.2578085, 48.7494653 ], [ 39.2580898, 48.7497948 ], [ 39.2590544, 48.7507802 ], [ 39.2591452, 48.7508566 ], [ 39.2600405, 48.7517319 ], [ 39.2613683, 48.7524048 ], [ 39.2620083, 48.7530468 ], [ 39.2639208, 48.7549583 ], [ 39.2655942, 48.7566499 ], [ 39.2663623, 48.7567408 ], [ 39.2669499, 48.7573876 ], [ 39.2678378, 48.7587168 ], [ 39.2678597, 48.7600139 ], [ 39.2664895, 48.7643094 ], [ 39.2677447, 48.7645209 ], [ 39.270336, 48.7641507 ], [ 39.2710832, 48.7617068 ], [ 39.2720434, 48.7613781 ], [ 39.2725101, 48.7604516 ], [ 39.2743302, 48.7594339 ], [ 39.2755608, 48.7586895 ], [ 39.2760551, 48.7584933 ] ] ] } },
{ "type": "Feature", "properties": { "osm_id": 4863926, "name": "Новороздільська ТЕЦ", "station_name_en": null, "oblast_name_en": "Lviv", "area_m2": 227195.98734581101, "eor_source": null, "eor_description": null, "eor_first_date": null, "eor_all_dates": [ ], "infra_type": "CHP", "latitude": 49.459848552614538, "longitude": 24.122747475201152, "attack_waves": [ ], "n_attack_waves": 0, "attack_waves_str": null }, "geometry": { "type": "Polygon", "coordinates": [ [ [ 24.1190724, 49.4597837 ], [ 24.1196385, 49.4608147 ], [ 24.1199429, 49.4607501 ], [ 24.1202276, 49.4612981 ], [ 24.126349, 49.4599253 ], [ 24.1272788, 49.4596528 ], [ 24.1273512, 49.4595168 ], [ 24.1268175, 49.4591908 ], [ 24.1267263, 49.458809 ], [ 24.126619, 49.4587497 ], [ 24.1257446, 49.458816 ], [ 24.1257698, 49.4592041 ], [ 24.1243783, 49.4589238 ], [ 24.123702, 49.4589041 ], [ 24.1222418, 49.4591684 ], [ 24.1216318, 49.4589194 ], [ 24.1199612, 49.4591664 ], [ 24.1190724, 49.4597837 ] ] ] } },
{ "type": "Feature", "properties": { "osm_id": 6276543, "name": "Дністровська ГАЕС", "station_name_en": "Dniester Pumped Storage Power Station", "oblast_name_en": "Chernivtsi", "area_m2": 1059921.9456086673, "eor_source": null, "eor_description": null, "eor_first_date": null, "eor_all_dates": [ ], "infra_type": "Hydro", "latitude": 48.513904936809972, "longitude": 27.474259169499948, "attack_waves": [ ], "n_attack_waves": 0, "attack_waves_str": null }, "geometry": { "type": "Polygon", "coordinates": [ [ [ 27.4795223, 48.5191696 ], [ 27.4793279, 48.5186671 ], [ 27.4790763, 48.5180027 ], [ 27.4789095, 48.5176668 ], [ 27.4787223, 48.51735 ], [ 27.4783869, 48.5169435 ], [ 27.4777105, 48.5163521 ], [ 27.4775174, 48.5161904 ], [ 27.4772975, 48.5160394 ], [ 27.4766672, 48.5156431 ], [ 27.4759859, 48.5151883 ], [ 27.4756037, 48.5149364 ], [ 27.4751973, 48.5147139 ], [ 27.4747172, 48.5144838 ], [ 27.4745348, 48.5143914 ], [ 27.4744087, 48.5143159 ], [ 27.4743618, 48.5142795 ], [ 27.4743645, 48.5142448 ], [ 27.47439, 48.5141915 ], [ 27.4744423, 48.5141142 ], [ 27.4744637, 48.5140751 ], [ 27.4744704, 48.5140378 ], [ 27.4744463, 48.5139526 ], [ 27.4743511, 48.5138495 ], [ 27.4742351, 48.5137589 ], [ 27.474231, 48.513746 ], [ 27.4742371, 48.5137353 ], [ 27.4745898, 48.5135075 ], [ 27.4755366, 48.512906 ], [ 27.4759718, 48.5126337 ], [ 27.4759959, 48.5126319 ], [ 27.4760201, 48.5126377 ], [ 27.4761133, 48.5126883 ], [ 27.4762072, 48.5127461 ], [ 27.4763037, 48.5127772 ], [ 27.4764137, 48.5127923 ], [ 27.4765371, 48.5127807 ], [ 27.4766417, 48.5127452 ], [ 27.4767342, 48.5126963 ], [ 27.4768294, 48.5126137 ], [ 27.476871, 48.5125515 ], [ 27.4768858, 48.5124867 ], [ 27.4768603, 48.5123996 ], [ 27.4768187, 48.5123348 ], [ 27.4768107, 48.5123117 ], [ 27.4768187, 48.512293 ], [ 27.4768509, 48.5122726 ], [ 27.4771848, 48.5121055 ], [ 27.4775094, 48.5119048 ], [ 27.4776381, 48.511775 ], [ 27.4777079, 48.5116347 ], [ 27.47774, 48.5114623 ], [ 27.4777575, 48.5112446 ], [ 27.4777293, 48.5110376 ], [ 27.4777172, 48.5110119 ], [ 27.4776837, 48.5109746 ], [ 27.4776368, 48.5109248 ], [ 27.4776033, 48.5108573 ], [ 27.4775858, 48.5107942 ], [ 27.477567, 48.5106716 ], [ 27.4775563, 48.5106414 ], [ 27.4775322, 48.5106103 ], [ 27.4774866, 48.5105668 ], [ 27.4774155, 48.510469 ], [ 27.4772277, 48.5101448 ], [ 27.4771634, 48.5099502 ], [ 27.477107, 48.5096996 ], [ 27.4770936, 48.5092056 ], [ 27.477091, 48.5088929 ], [ 27.4771205, 48.508701 ], [ 27.4772009, 48.5084451 ], [ 27.4773377, 48.5080115 ], [ 27.4774718, 48.5076277 ], [ 27.4776408, 48.5071692 ], [ 27.4779493, 48.5063321 ], [ 27.4771305, 48.5059733 ], [ 27.4766872, 48.505951 ], [ 27.4762688, 48.5065588 ], [ 27.4762017, 48.5066922 ], [ 27.4757217, 48.5076463 ], [ 27.4754803, 48.5077138 ], [ 27.4755822, 48.5078489 ], [ 27.475314, 48.5083678 ], [ 27.475137, 48.5083891 ], [ 27.4750779, 48.5084779 ], [ 27.4752442, 48.5086663 ], [ 27.4752818, 48.5090039 ], [ 27.4749438, 48.5094624 ], [ 27.4749452, 48.5096605 ], [ 27.4748915, 48.5098915 ], [ 27.4747842, 48.5102469 ], [ 27.4745428, 48.5106165 ], [ 27.4741727, 48.5109293 ], [ 27.4735719, 48.5112491 ], [ 27.4728745, 48.5116187 ], [ 27.4727404, 48.5115654 ], [ 27.4728048, 48.5114055 ], [ 27.4723649, 48.5115014 ], [ 27.4723059, 48.5116365 ], [ 27.471748, 48.5117822 ], [ 27.4714127, 48.5120771 ], [ 27.471528, 48.5122317 ], [ 27.4714744, 48.512349 ], [ 27.4713376, 48.5124929 ], [ 27.4710157, 48.5127079 ], [ 27.4703881, 48.5131699 ], [ 27.4701708, 48.5132729 ], [ 27.4700233, 48.5134044 ], [ 27.4697471, 48.5134879 ], [ 27.4694788, 48.5133938 ], [ 27.4693045, 48.5134524 ], [ 27.4691677, 48.5135697 ], [ 27.4691576, 48.5137108 ], [ 27.469157, 48.5137189 ], [ 27.468906, 48.5138635 ], [ 27.4688887, 48.5138735 ], [ 27.468532, 48.5138415 ], [ 27.4681592, 48.5137953 ], [ 27.4680894, 48.5137616 ], [ 27.4680787, 48.5134595 ], [ 27.4669342, 48.513461 ], [ 27.4672352, 48.5135973 ], [ 27.4675572, 48.5137578 ], [ 27.4676528, 48.5138328 ], [ 27.467756, 48.5139138 ], [ 27.4678955, 48.5141215 ], [ 27.4680499, 48.5142881 ], [ 27.4682275, 48.5144344 ], [ 27.4685494, 48.5146429 ], [ 27.4687144, 48.5147192 ], [ 27.468727, 48.5147241 ], [ 27.4687344, 48.5147262 ], [ 27.4687414, 48.5147276 ], [ 27.4687498, 48.5147279 ], [ 27.4687584, 48.514727 ], [ 27.4687668, 48.5147242 ], [ 27.4687748, 48.5147202 ], [ 27.4689546, 48.5146015 ], [ 27.4679125, 48.5158518 ], [ 27.4687493, 48.5162668 ], [ 27.4693207, 48.5159577 ], [ 27.4703157, 48.5156556 ], [ 27.4704122, 48.5158759 ], [ 27.4709433, 48.5161744 ], [ 27.4718231, 48.5164444 ], [ 27.4719572, 48.5166328 ], [ 27.4720269, 48.5171622 ], [ 27.4724185, 48.5175744 ], [ 27.4734378, 48.5173719 ], [ 27.4737704, 48.5179617 ], [ 27.4743819, 48.5183242 ], [ 27.4753904, 48.518779 ], [ 27.4757552, 48.5188145 ], [ 27.4767852, 48.5186795 ], [ 27.4774182, 48.5185445 ], [ 27.4778902, 48.5186511 ], [ 27.4782979, 48.5188856 ], [ 27.4787271, 48.5194328 ], [ 27.4795223, 48.5191696 ] ] ] } },
{ "type": "Feature", "properties": { "osm_id": 6573418, "name": "Новояворівська ТЕЦ", "station_name_en": null, "oblast_name_en": "Lviv", "area_m2": 45898.593171664033, "eor_source": null, "eor_description": null, "eor_first_date": null, "eor_all_dates": [ ], "infra_type": "CHP", "latitude": 49.931227113089214, "longitude": 23.581787849169427, "attack_waves": [ ], "n_attack_waves": 0, "attack_waves_str": null }, "geometry": { "type": "Polygon", "coordinates": [ [ [ 23.5812778, 49.9310561 ], [ 23.5812778, 49.9311726 ], [ 23.581432, 49.9311752 ], [ 23.5812965, 49.9319668 ], [ 23.5826256, 49.9321403 ], [ 23.5827114, 49.9318054 ], [ 23.5825089, 49.9317674 ], [ 23.5826028, 49.9315136 ], [ 23.582706, 49.9315171 ], [ 23.5827396, 49.9313867 ], [ 23.5826698, 49.9313505 ], [ 23.5827691, 49.9307004 ], [ 23.5822983, 49.9307185 ], [ 23.5822863, 49.9306942 ], [ 23.5822916, 49.9306011 ], [ 23.5820315, 49.9305891 ], [ 23.5820408, 49.9305139 ], [ 23.5813202, 49.9305743 ], [ 23.5802237, 49.9307004 ], [ 23.5802712, 49.9310363 ], [ 23.580606, 49.9310408 ], [ 23.5812778, 49.9310561 ] ] ] } },
{ "type": "Feature", "properties": { "osm_id": 6680280, "name": "Київська ГАЕС", "station_name_en": null, "oblast_name_en": "Kiev", "area_m2": 565049.23312757467, "eor_source": null, "eor_description": null, "eor_first_date": null, "eor_all_dates": [ ], "infra_type": "Hydro", "latitude": 50.610008462723613, "longitude": 30.487512961873023, "attack_waves": [ ], "n_attack_waves": 0, "attack_waves_str": null }, "geometry": { "type": "Polygon", "coordinates": [ [ [ 30.4835283, 50.6088672 ], [ 30.4831237, 50.6092505 ], [ 30.4838037, 50.609967 ], [ 30.4843292, 50.6104416 ], [ 30.4848797, 50.6109502 ], [ 30.4858582, 50.6117132 ], [ 30.4870834, 50.6122448 ], [ 30.4880611, 50.612715 ], [ 30.4885, 50.6129476 ], [ 30.4886779, 50.6131044 ], [ 30.4891634, 50.6128746 ], [ 30.4893243, 50.6127606 ], [ 30.4897615, 50.6123878 ], [ 30.4902765, 50.6119623 ], [ 30.4902846, 50.6119453 ], [ 30.4902819, 50.6119249 ], [ 30.4901853, 50.6118568 ], [ 30.4899748, 50.6117321 ], [ 30.4899701, 50.6117223 ], [ 30.4899842, 50.6117028 ], [ 30.4901102, 50.6115964 ], [ 30.4902202, 50.6114985 ], [ 30.4903318, 50.6113989 ], [ 30.4904299, 50.6113172 ], [ 30.4905353, 50.6112292 ], [ 30.490585, 50.6111896 ], [ 30.4910074, 50.6113168 ], [ 30.4910295, 50.6113158 ], [ 30.4910443, 50.6113111 ], [ 30.4913253, 50.6110228 ], [ 30.491513, 50.610856 ], [ 30.4917893, 50.6106109 ], [ 30.4919797, 50.6103964 ], [ 30.4921165, 50.6101836 ], [ 30.4922318, 50.6099164 ], [ 30.4920454, 50.6098463 ], [ 30.491671, 50.6097116 ], [ 30.4899024, 50.6088597 ], [ 30.4897862, 50.6088196 ], [ 30.4892984, 50.6087541 ], [ 30.4869398, 50.607519 ], [ 30.4866045, 50.6073679 ], [ 30.4857032, 50.6070342 ], [ 30.4856018, 50.607015 ], [ 30.4855505, 50.6070609 ], [ 30.4855194, 50.6070861 ], [ 30.4844552, 50.6079961 ], [ 30.4843884, 50.6080532 ], [ 30.4835283, 50.6088672 ] ] ] } },
{ "type": "Feature", "properties": { "osm_id": 7317657, "name": "колишня Каховська ГЕС імені П. С. Непорожнього", "station_name_en": "ex Kakhovskaya HPP named after P. S. Neporozhny", "oblast_name_en": "Kherson", "area_m2": 764002.60708448675, "eor_source": null, "eor_description": null, "eor_first_date": null, "eor_all_dates": [ ], "infra_type": "Hydro", "latitude": 46.782129509933718, "longitude": 33.363445411886445, "attack_waves": [ ], "n_attack_waves": 0, "attack_waves_str": null }, "geometry": { "type": "Polygon", "coordinates": [ [ [ 33.3681254, 46.7804552 ], [ 33.371408, 46.7771242 ], [ 33.3739417, 46.7748561 ], [ 33.3748326, 46.7752976 ], [ 33.375503, 46.7756765 ], [ 33.3755847, 46.7757227 ], [ 33.3760775, 46.7760013 ], [ 33.3760959, 46.7760116 ], [ 33.376417, 46.7761932 ], [ 33.3764507, 46.7762122 ], [ 33.3767143, 46.7763612 ], [ 33.3767948, 46.7763906 ], [ 33.3768699, 46.7764127 ], [ 33.3769423, 46.7764164 ], [ 33.3770201, 46.7764072 ], [ 33.3771273, 46.7763759 ], [ 33.3772185, 46.7763263 ], [ 33.3773535, 46.7762183 ], [ 33.3774167, 46.7761678 ], [ 33.3774494, 46.7761425 ], [ 33.3745321, 46.7744888 ], [ 33.3743497, 46.7743834 ], [ 33.3737504, 46.7740596 ], [ 33.3728825, 46.7743643 ], [ 33.3718525, 46.7754112 ], [ 33.3703409, 46.7768788 ], [ 33.3703102, 46.7770145 ], [ 33.3702946, 46.7774488 ], [ 33.3676233, 46.7802327 ], [ 33.3663846, 46.7797854 ], [ 33.3661338, 46.7799769 ], [ 33.3646962, 46.7810495 ], [ 33.3546218, 46.7849727 ], [ 33.3535918, 46.7860746 ], [ 33.3545682, 46.7866476 ], [ 33.3558127, 46.7870517 ], [ 33.3574113, 46.7870076 ], [ 33.357304, 46.7866697 ], [ 33.3573898, 46.7863318 ], [ 33.3578405, 46.7860232 ], [ 33.3590439, 46.7856249 ], [ 33.3655117, 46.7831179 ], [ 33.3663315, 46.7827459 ], [ 33.3668491, 46.7824539 ], [ 33.367281, 46.7821656 ], [ 33.3677852, 46.7817945 ], [ 33.3681366, 46.7814951 ], [ 33.368496, 46.7811425 ], [ 33.3687645, 46.7808962 ], [ 33.3687857, 46.7808495 ], [ 33.3687535, 46.7807926 ], [ 33.36872, 46.7807834 ], [ 33.3686411, 46.7807618 ], [ 33.3681254, 46.7804552 ] ] ] } },
{ "type": "Feature", "properties": { "osm_id": 9300624, "name": "Богуславська ГЕС", "station_name_en": null, "oblast_name_en": "Kiev", "area_m2": 8500.8672932624122, "eor_source": null, "eor_description": null, "eor_first_date": null, "eor_all_dates": [ ], "infra_type": "Hydro", "latitude": 49.539989758046552, "longitude": 30.877160916481227, "attack_waves": [ ], "n_attack_waves": 0, "attack_waves_str": null }, "geometry": { "type": "Polygon", "coordinates": [ [ [ 30.8772013, 49.539784 ], [ 30.8771288, 49.5397788 ], [ 30.877035, 49.5397092 ], [ 30.8766031, 49.5397545 ], [ 30.8765227, 49.5398084 ], [ 30.8766863, 49.539838 ], [ 30.8767667, 49.5401356 ], [ 30.8768257, 49.540153 ], [ 30.8768204, 49.5402 ], [ 30.8769545, 49.5402122 ], [ 30.8769478, 49.5402527 ], [ 30.8769411, 49.5402923 ], [ 30.8772469, 49.5403045 ], [ 30.8772603, 49.5402227 ], [ 30.877668, 49.54016 ], [ 30.8776706, 49.5400939 ], [ 30.8776921, 49.5398171 ], [ 30.8772013, 49.539784 ] ] ] } },
{ "type": "Feature", "properties": { "osm_id": 9355355, "name": "Миропільська ГЕС", "station_name_en": null, "oblast_name_en": "Khmelnytskyi", "area_m2": 3154.6274686591992, "eor_source": null, "eor_description": null, "eor_first_date": null, "eor_all_dates": [ ], "infra_type": "Hydro", "latitude": 50.160947846342907, "longitude": 27.678891459766458, "attack_waves": [ ], "n_attack_waves": 0, "attack_waves_str": null }, "geometry": { "type": "Polygon", "coordinates": [ [ [ 27.6787247, 50.1609123 ], [ 27.6788917, 50.1610306 ], [ 27.6791823, 50.1612363 ], [ 27.6793225, 50.1613355 ], [ 27.6794504, 50.1612613 ], [ 27.679316, 50.1611662 ], [ 27.6793033, 50.1611572 ], [ 27.6793024, 50.1611565 ], [ 27.6786669, 50.1607067 ], [ 27.6785567, 50.1606287 ], [ 27.6784584, 50.1605591 ], [ 27.6783305, 50.1606333 ], [ 27.678423, 50.1606955 ], [ 27.6785381, 50.1607802 ], [ 27.6787247, 50.1609123 ] ] ] } },
{ "type": "Feature", "properties": { "osm_id": 11622114, "name": null, "station_name_en": null, "oblast_name_en": "Khmelnytskyi", "area_m2": 482.51274302871929, "eor_source": null, "eor_description": null, "eor_first_date": null, "eor_all_dates": [ ], "infra_type": "Hydro", "latitude": 48.904412991661736, "longitude": 26.22502865035252, "attack_waves": [ ], "n_attack_waves": 0, "attack_waves_str": null }, "geometry": { "type": "Polygon", "coordinates": [ [ [ 26.2251582, 48.9044598 ], [ 26.2250905, 48.9043225 ], [ 26.225045, 48.9043313 ], [ 26.2250041, 48.904341 ], [ 26.2250182, 48.9043695 ], [ 26.2248875, 48.9043973 ], [ 26.2249306, 48.9044845 ], [ 26.2250671, 48.9044554 ], [ 26.2250777, 48.904477 ], [ 26.2251582, 48.9044598 ] ] ] } },
{ "type": "Feature", "properties": { "osm_id": 13087277, "name": "Млинівська ГЕС", "station_name_en": null, "oblast_name_en": "Rivne", "area_m2": 63169.102712287342, "eor_source": null, "eor_description": null, "eor_first_date": null, "eor_all_dates": [ ], "infra_type": "Hydro", "latitude": 50.511152095864936, "longitude": 25.594697740064504, "attack_waves": [ ], "n_attack_waves": 0, "attack_waves_str": null }, "geometry": { "type": "Polygon", "coordinates": [ [ [ 25.594371, 50.510113 ], [ 25.593849, 50.5099163 ], [ 25.5935526, 50.5100246 ], [ 25.593643, 50.510097 ], [ 25.5939488, 50.5103341 ], [ 25.5935834, 50.5105247 ], [ 25.5934118, 50.5106105 ], [ 25.5932347, 50.5104979 ], [ 25.5928177, 50.5107495 ], [ 25.5927868, 50.5107947 ], [ 25.592709, 50.5108459 ], [ 25.592882, 50.5109644 ], [ 25.5929491, 50.5111213 ], [ 25.5932468, 50.5112749 ], [ 25.5937444, 50.5107725 ], [ 25.5940917, 50.5103427 ], [ 25.5943023, 50.5104152 ], [ 25.594199, 50.5105329 ], [ 25.5942553, 50.510561 ], [ 25.594482, 50.510422 ], [ 25.5946791, 50.5105559 ], [ 25.5938825, 50.5111111 ], [ 25.5941722, 50.5112595 ], [ 25.5941923, 50.5114454 ], [ 25.5948669, 50.5115938 ], [ 25.5951311, 50.5114514 ], [ 25.5953188, 50.5111427 ], [ 25.5958351, 50.5115128 ], [ 25.5949554, 50.5118497 ], [ 25.5944498, 50.5118727 ], [ 25.5942392, 50.5117755 ], [ 25.5941346, 50.51161 ], [ 25.5938235, 50.5114855 ], [ 25.5936411, 50.5115247 ], [ 25.5934775, 50.5116697 ], [ 25.595583, 50.5122803 ], [ 25.5964011, 50.5117431 ], [ 25.5964683, 50.5115723 ], [ 25.594604, 50.510225 ], [ 25.5948145, 50.5100152 ], [ 25.59506, 50.5099418 ], [ 25.5950265, 50.5098762 ], [ 25.5947462, 50.509964 ], [ 25.5945055, 50.5101764 ], [ 25.594371, 50.510113 ] ] ] } },
{ "type": "Feature", "properties": { "osm_id": 13766266, "name": "Сумська ТЕЦ", "station_name_en": null, "oblast_name_en": "Sumy", "area_m2": 429941.75976150658, "eor_source": null, "eor_description": null, "eor_first_date": null, "eor_all_dates": [ ], "infra_type": "CHP", "latitude": 50.932780644890123, "longitude": 34.819441349663165, "attack_waves": [ ], "n_attack_waves": 0, "attack_waves_str": null }, "geometry": { "type": "Polygon", "coordinates": [ [ [ 34.8217596, 50.9342144 ], [ 34.8231131, 50.934543 ], [ 34.8243886, 50.9326442 ], [ 34.8225434, 50.9321631 ], [ 34.8209958, 50.9317532 ], [ 34.8193994, 50.9313432 ], [ 34.8192079, 50.9312933 ], [ 34.8188966, 50.9312163 ], [ 34.8188366, 50.9313125 ], [ 34.8187228, 50.9315243 ], [ 34.8179145, 50.9313148 ], [ 34.8168142, 50.931033 ], [ 34.8153812, 50.9306662 ], [ 34.8143479, 50.9322825 ], [ 34.8180673, 50.9332553 ], [ 34.8179993, 50.9335645 ], [ 34.8173391, 50.9339576 ], [ 34.8172269, 50.9340237 ], [ 34.8174879, 50.9343663 ], [ 34.8176816, 50.9345984 ], [ 34.8187178, 50.934539 ], [ 34.8205475, 50.9344419 ], [ 34.8206761, 50.9342659 ], [ 34.8215847, 50.9344991 ], [ 34.8217596, 50.9342144 ] ] ] } },
{ "type": "Feature", "properties": { "osm_id": 19324137, "name": "Гайворонська ГЕС", "station_name_en": null, "oblast_name_en": "Kirovohrad", "area_m2": 1699.1932542878897, "eor_source": null, "eor_description": null, "eor_first_date": null, "eor_all_dates": [ ], "infra_type": "Hydro", "latitude": 48.327885154484278, "longitude": 29.866599590764736, "attack_waves": [ ], "n_attack_waves": 0, "attack_waves_str": null }, "geometry": { "type": "Polygon", "coordinates": [ [ [ 29.8666008, 48.3277281 ], [ 29.866567, 48.3277211 ], [ 29.8665507, 48.3277613 ], [ 29.8664877, 48.3277483 ], [ 29.8663808, 48.3279951 ], [ 29.8667121, 48.3280433 ], [ 29.8667961, 48.3277867 ], [ 29.8668018, 48.3277692 ], [ 29.8666008, 48.3277281 ] ] ] } },
{ "type": "Feature", "properties": { "osm_id": 19394075, "name": "Новоархангельська ГЕС", "station_name_en": null, "oblast_name_en": "Kirovohrad", "area_m2": 5537.4293909795833, "eor_source": null, "eor_description": null, "eor_first_date": null, "eor_all_dates": [ ], "infra_type": "Hydro", "latitude": 48.682022290710435, "longitude": 30.808393711116473, "attack_waves": [ ], "n_attack_waves": 0, "attack_waves_str": null }, "geometry": { "type": "Polygon", "coordinates": [ [ [ 30.809208, 48.6818605 ], [ 30.8092095, 48.6819292 ], [ 30.8092099, 48.6819452 ], [ 30.8091534, 48.6819476 ], [ 30.808196, 48.6819889 ], [ 30.8074381, 48.6820215 ], [ 30.8067178, 48.6820525 ], [ 30.8067267, 48.6821327 ], [ 30.8068903, 48.6821262 ], [ 30.8092118, 48.682033 ], [ 30.8092209, 48.6820829 ], [ 30.8093837, 48.6820746 ], [ 30.8095426, 48.682121 ], [ 30.8096257, 48.6821306 ], [ 30.8096082, 48.6819827 ], [ 30.8094882, 48.6819821 ], [ 30.8094843, 48.681808 ], [ 30.8093673, 48.6818091 ], [ 30.8093684, 48.681859 ], [ 30.809208, 48.6818605 ] ] ] } },
{ "type": "Feature", "properties": { "osm_id": 19409921, "name": "Тернівська ГЕС", "station_name_en": null, "oblast_name_en": "Kirovohrad", "area_m2": 3207.571834978367, "eor_source": null, "eor_description": null, "eor_first_date": null, "eor_all_dates": [ ], "infra_type": "Hydro", "latitude": 48.529089067174795, "longitude": 30.745535191603121, "attack_waves": [ ], "n_attack_waves": 0, "attack_waves_str": null }, "geometry": { "type": "Polygon", "coordinates": [ [ [ 30.7443706, 48.5291966 ], [ 30.7447461, 48.5291722 ], [ 30.7462167, 48.5290768 ], [ 30.7462839, 48.5290737 ], [ 30.7462888, 48.5291056 ], [ 30.7466022, 48.5290849 ], [ 30.7465839, 48.5289633 ], [ 30.7464639, 48.5289712 ], [ 30.7462718, 48.5289839 ], [ 30.7462753, 48.5290069 ], [ 30.7447339, 48.5291068 ], [ 30.7442652, 48.5291372 ], [ 30.7442749, 48.5292028 ], [ 30.7443706, 48.5291966 ] ] ] } }
]
}
